id,x,y,,,,,
1,132.85915,49.052214,,,,,
1,132.85915,49.052214,,,,,
1,132.85915,49.052214,,,,,
1,132.85915,49.052214,,,,,
1,132.85915,49.052214,,,,,
1,132.85915,49.052214,,,,, 
1,132.85915,49.052214,,,,,
1,132.85915,49.052214,,,,,
1,132.85915,49.052214,,,,,
1,132.85915,49.052214,,,,,
1,132.85915,49.052214,,,,,
1,132.85915,49.052214,,,,,
1,132.85915,49.052214,,,,,
1,132.85915,49.052214,,,,,
1,132.85915,49.052214,,,,,
1,132.85915,49.052214,,,,,
1,132.85915,49.052214,,,,,
1,132.85915,49.052214,,,,,
1,132.85915,49.052214,,,,,
1,132.85915,49.052214,,,,,
1,132.85915,49.052214,,,,,
1,132.85915,49.052214,,,,,
1,132.85915,49.052214,,,,,
1,132.85915,49.052214,,,,,
1,132.85915,49.052214,,,,,
1,132.85915,49.052214,,,,,
1,132.85915,49.052214,,,,,
1,132.85915,49.052214,,,,,
1,132.85915,49.052214,,,,,
1,132.85915,49.052214,,,,,
1,132.85915,49.052214,,,,,
1,132.85915,49.052214,,,,,
1,132.85915,49.052214,,,,,
1,132.85915,49.052214,,,,,
1,132.85915,49.052214,,,,,
1,132.85915,49.052214,,,,,
1,132.85915,49.052214,,,,,
1,132.85915,49.052214,,,,,
1,132.85915,49.052214,,,,,
1,132.85915,49.052214,,,,,
1,132.85915,49.052214,,,,,
1,132.85915,49.052214,,,,,
1,132.85915,49.052214,,,,,
1,132.85915,49.052214,,,,,
1,132.85915,49.052214,,,,,
1,132.85915,49.052214,,,,,
1,132.85915,49.052214,,,,,
1,132.85915,49.052214,,,,,
1,132.85915,49.052214,,,,,
1,132.85915,49.052214,,,,,
1,132.85915,49.052214,,,,,
1,132.85915,49.052214,,,,,
1,132.85915,49.052214,,,,,
1,132.85915,49.052214,,,,,
1,132.85915,49.052214,,,,,
1,132.85915,49.052214,,,,,
1,132.85915,49.052214,,,,,
1,132.85915,49.052214,,,,,
1,132.85915,49.052214,,,,,
1,132.85915,49.052214,,,,,
1,132.85915,49.052214,,,,,
1,132.85915,49.052214,,,,,
1,132.85915,49.052214,,,,,
1,132.85915,49.052214,,,,,
1,132.85915,49.052214,,,,,
1,132.85915,49.052214,,,,,
1,132.85915,49.052214,,,,,
1,132.85915,49.052214,,,,,
1,132.85915,49.052214,,,,,
1,132.85915,49.052214,,,,,
1,132.85915,49.052214,,,,,
1,132.85915,49.052214,,,,,
1,132.85915,49.052214,,,,,
1,132.85915,49.052214,,,,,
1,132.85915,49.052214,,,,,
1,132.85915,49.052214,,,,,
1,132.85915,49.052214,,,,,
1,132.85915,49.052214,,,,,
1,132.85915,49.052214,,,,,
1,132.85915,49.052214,,,,,
1,132.85915,49.052214,,,,,
1,132.85915,49.052214,,,,,
1,132.85915,49.052214,,,,,
1,132.85915,49.052214,,,,,
1,132.85915,49.052214,,,,,
1,132.85915,49.052214,,,,,
1,132.85915,49.052214,,,,,
1,132.85915,49.052214,,,,,
1,132.85915,49.052214,,,,,
1,132.85915,49.052214,,,,,
1,132.85915,49.052214,,,,,
1,132.85915,49.052214,,,,,
1,132.85915,49.052214,,,,,
1,132.85915,49.052214,,,,,
1,132.85915,49.052214,,,,,
1,132.85915,49.052214,,,,,
1,132.85915,49.052214,,,,,
1,132.85915,49.052214,,,,,
1,132.85915,49.052214,,,,,
1,132.85915,49.052214,,,,,
1,132.85915,49.052214,,,,,
1,132.85915,49.052214,,,,,
1,132.85915,49.052214,,,,,
1,132.85915,49.052214,,,,,
1,132.85915,49.052214,,,,,
1,132.85915,49.052214,,,,,
1,132.85915,49.052214,,,,,
1,132.85915,49.052214,,,,,
1,132.85915,49.052214,,,,,
1,132.85915,49.052214,,,,,
1,132.85915,49.052214,,,,,
1,132.85915,49.052214,,,,,
1,132.85915,49.052214,,,,,
1,132.85915,49.052214,,,,,
1,132.85915,49.052214,,,,,
1,132.85915,49.052214,,,,,
1,132.85915,49.052214,,,,,
1,132.85915,49.052214,,,,,
1,132.85915,49.052214,,,,,
1,132.85915,49.052214,,,,,
1,132.85915,49.052214,,,,,
1,132.85915,49.052214,,,,,
1,132.85915,49.052214,,,,,
1,132.85915,49.052214,,,,,
1,132.85915,49.052214,,,,,
1,132.85915,49.052214,,,,,
1,132.85915,49.052214,,,,,
1,132.85915,49.052214,,,,,
1,132.85915,49.052214,,,,,
1,132.85915,49.052214,,,,,
1,132.85915,49.052214,,,,,
1,132.85915,49.052214,,,,,
1,132.85915,49.052214,,,,,
1,132.85915,49.052214,,,,,
1,132.85915,49.052214,,,,,
1,132.85915,49.052214,,,,,
1,132.85915,49.052214,,,,,
1,132.85915,49.052214,,,,,
1,132.85915,49.052214,,,,,
1,132.85915,49.052214,,,,,
1,132.85915,49.052214,,,,,
1,132.85915,49.052214,,,,,
1,132.85915,49.052214,,,,,
1,132.85915,49.052214,,,,,
1,132.85915,49.052214,,,,,
1,132.85915,49.052214,,,,,
1,132.85915,49.052214,,,,,
1,132.85915,49.052214,,,,,
1,132.85915,49.052214,,,,,
1,132.85915,49.052214,,,,,
1,132.85915,49.052214,,,,,
1,132.85915,49.052214,,,,,
1,132.85915,49.052214,,,,,
1,132.85915,49.052214,,,,,
1,132.85915,49.052214,,,,,
1,132.85915,49.052214,,,,,
1,132.85915,49.052214,,,,,
1,132.85915,49.052214,,,,,
1,132.85915,49.052214,,,,,
1,132.85915,49.052214,,,,,
1,132.85915,49.052214,,,,,
1,132.85915,49.052214,,,,,
1,132.85915,49.052214,,,,,
1,132.85915,49.052214,,,,,
1,132.85915,49.052214,,,,,
1,132.85915,49.052214,,,,,
1,132.85915,49.052214,,,,,
1,132.85915,49.052214,,,,,
1,132.85915,49.052214,,,,,
1,132.85915,49.052214,,,,,
1,132.85915,49.052214,,,,,
1,132.85915,49.052214,,,,,
1,132.85915,49.052214,,,,,
1,132.85915,49.052214,,,,,
1,132.85915,49.052214,,,,,
1,132.85915,49.052214,,,,,
1,132.85915,49.052214,,,,,
1,132.85915,49.052214,,,,,
1,132.85915,49.052214,,,,,
1,132.85915,49.052214,,,,,
1,132.85915,49.052214,,,,,
1,132.85915,49.052214,,,,,
1,132.85915,49.052214,,,,,
1,132.85915,49.052214,,,,,
1,132.85915,49.052214,,,,,
1,132.85915,49.052214,,,,,
1,132.85915,49.052214,,,,,
1,132.85915,49.052214,,,,,
1,132.85915,49.052214,,,,,
1,132.85915,49.052214,,,,,
1,132.85915,49.052214,,,,,
1,132.85915,49.052214,,,,,
1,132.85915,49.052214,,,,,
1,132.85915,49.052214,,,,,
1,132.85915,49.052214,,,,,
1,132.85915,49.052214,,,,,
1,132.85915,49.052214,,,,,
1,132.85915,49.052214,,,,,
1,132.85915,49.052214,,,,,
1,132.85915,49.052214,,,,,
1,132.85915,49.052214,,,,,
1,132.85915,49.052214,,,,,
1,132.85915,49.052214,,,,,
1,132.85915,49.052214,,,,,
1,132.85915,49.052214,,,,,
1,132.85915,49.052214,,,,,
1,132.85915,49.052214,,,,,
1,132.85915,49.052214,,,,,
1,132.85915,49.052214,,,,,
1,132.85915,49.052214,,,,,
2,135.80076,45.19841,,,,,
2,135.80076,45.19841,,,,,
2,135.80076,45.19841,,,,,
2,135.80076,45.19841,,,,,
2,135.80076,45.19841,,,,,
2,135.80076,45.19841,,,,,
2,135.80076,45.19841,,,,,
2,135.80076,45.19841,,,,,
2,135.80076,45.19841,,,,,
2,135.80076,45.19841,,,,,
2,135.80076,45.19841,,,,,
2,135.80076,45.19841,,,,,
2,135.80076,45.19841,,,,,
2,135.80076,45.19841,,,,,
2,135.80076,45.19841,,,,,
2,135.80076,45.19841,,,,,
2,135.80076,45.19841,,,,,
2,135.80076,45.19841,,,,,
2,135.80076,45.19841,,,,,
2,135.80076,45.19841,,,,,
2,135.80076,45.19841,,,,,
2,135.80076,45.19841,,,,,
2,135.80076,45.19841,,,,,
2,135.80076,45.19841,,,,,
2,135.80076,45.19841,,,,,
2,135.80076,45.19841,,,,,
2,135.80076,45.19841,,,,,
2,135.80076,45.19841,,,,,
2,135.80076,45.19841,,,,,
2,135.80076,45.19841,,,,,
2,135.80076,45.19841,,,,,
2,135.80076,45.19841,,,,,
2,135.80076,45.19841,,,,,
2,135.80076,45.19841,,,,,
2,135.80076,45.19841,,,,,
2,135.80076,45.19841,,,,,
2,135.80076,45.19841,,,,,
2,135.80076,45.19841,,,,,
2,135.80076,45.19841,,,,,
2,135.80076,45.19841,,,,,
2,135.80076,45.19841,,,,,
2,135.80076,45.19841,,,,,
2,135.80076,45.19841,,,,,
2,135.80076,45.19841,,,,,
2,135.80076,45.19841,,,,,
2,135.80076,45.19841,,,,,
2,135.80076,45.19841,,,,,
2,135.80076,45.19841,,,,,
2,135.80076,45.19841,,,,,
2,135.80076,45.19841,,,,,
2,135.80076,45.19841,,,,,
2,135.80076,45.19841,,,,,
2,135.80076,45.19841,,,,,
2,135.80076,45.19841,,,,,
2,135.80076,45.19841,,,,,
2,135.80076,45.19841,,,,,
2,135.80076,45.19841,,,,,
2,135.80076,45.19841,,,,,
2,135.80076,45.19841,,,,,
2,135.80076,45.19841,,,,,
2,135.80076,45.19841,,,,,
2,135.80076,45.19841,,,,,
2,135.80076,45.19841,,,,,
2,135.80076,45.19841,,,,,
2,135.80076,45.19841,,,,,
2,135.80076,45.19841,,,,,
2,135.80076,45.19841,,,,,
2,135.80076,45.19841,,,,,
2,135.80076,45.19841,,,,,
2,135.80076,45.19841,,,,,
2,135.80076,45.19841,,,,,
2,135.80076,45.19841,,,,,
2,135.80076,45.19841,,,,,
2,135.80076,45.19841,,,,,
2,135.80076,45.19841,,,,,
2,135.80076,45.19841,,,,,
2,135.80076,45.19841,,,,,
2,135.80076,45.19841,,,,,
2,135.80076,45.19841,,,,,
2,135.80076,45.19841,,,,,
2,135.80076,45.19841,,,,,
2,135.80076,45.19841,,,,,
2,135.80076,45.19841,,,,,
2,135.80076,45.19841,,,,,
2,135.80076,45.19841,,,,,
2,135.80076,45.19841,,,,,
2,135.80076,45.19841,,,,,
2,135.80076,45.19841,,,,,
2,135.80076,45.19841,,,,,
2,135.80076,45.19841,,,,,
2,135.80076,45.19841,,,,,
2,135.80076,45.19841,,,,,
2,135.80076,45.19841,,,,,
2,135.80076,45.19841,,,,,
2,135.80076,45.19841,,,,,
2,135.80076,45.19841,,,,,
2,135.80076,45.19841,,,,,
2,135.80076,45.19841,,,,,
2,135.80076,45.19841,,,,,
2,135.80076,45.19841,,,,,
2,135.80076,45.19841,,,,,
2,135.80076,45.19841,,,,,
2,135.80076,45.19841,,,,,
2,135.80076,45.19841,,,,,
2,135.80076,45.19841,,,,,
2,135.80076,45.19841,,,,,
2,135.80076,45.19841,,,,,
2,135.80076,45.19841,,,,,
2,135.80076,45.19841,,,,,
2,135.80076,45.19841,,,,,
2,135.80076,45.19841,,,,,
2,135.80076,45.19841,,,,,
2,135.80076,45.19841,,,,,
2,135.80076,45.19841,,,,,
2,135.80076,45.19841,,,,,
2,135.80076,45.19841,,,,,
2,135.80076,45.19841,,,,,
2,135.80076,45.19841,,,,,
2,135.80076,45.19841,,,,,
2,135.80076,45.19841,,,,,
2,135.80076,45.19841,,,,,
2,135.80076,45.19841,,,,,
2,135.80076,45.19841,,,,,
2,135.80076,45.19841,,,,,
2,135.80076,45.19841,,,,,
2,135.80076,45.19841,,,,,
2,135.80076,45.19841,,,,,
2,135.80076,45.19841,,,,,
2,135.80076,45.19841,,,,,
2,135.80076,45.19841,,,,,
2,135.80076,45.19841,,,,,
2,135.80076,45.19841,,,,,
2,135.80076,45.19841,,,,,
2,135.80076,45.19841,,,,,
2,135.80076,45.19841,,,,,
3,136.47679,45.31867,,,,,
3,136.47679,45.31867,,,,,
3,136.47679,45.31867,,,,,
3,136.47679,45.31867,,,,,
3,136.47679,45.31867,,,,,
3,136.47679,45.31867,,,,,
3,136.47679,45.31867,,,,,
3,136.47679,45.31867,,,,,
3,136.47679,45.31867,,,,,
3,136.47679,45.31867,,,,,
3,136.47679,45.31867,,,,,
3,136.47679,45.31867,,,,,
3,136.47679,45.31867,,,,,
3,136.47679,45.31867,,,,,
3,136.47679,45.31867,,,,,
3,136.47679,45.31867,,,,,
3,136.47679,45.31867,,,,,
3,136.47679,45.31867,,,,,
3,136.47679,45.31867,,,,,
3,136.47679,45.31867,,,,,
3,136.47679,45.31867,,,,,
3,136.47679,45.31867,,,,,
3,136.47679,45.31867,,,,,
3,136.47679,45.31867,,,,,
3,136.47679,45.31867,,,,,
3,136.47679,45.31867,,,,,
3,136.47679,45.31867,,,,,
3,136.47679,45.31867,,,,,
3,136.47679,45.31867,,,,,
3,136.47679,45.31867,,,,,
3,136.47679,45.31867,,,,,
3,136.47679,45.31867,,,,,
3,136.47679,45.31867,,,,,
3,136.47679,45.31867,,,,,
3,136.47679,45.31867,,,,,
3,136.47679,45.31867,,,,,
3,136.47679,45.31867,,,,,
3,136.47679,45.31867,,,,,
3,136.47679,45.31867,,,,,
3,136.47679,45.31867,,,,,
3,136.47679,45.31867,,,,,
3,136.47679,45.31867,,,,,
3,136.47679,45.31867,,,,,
3,136.47679,45.31867,,,,,
3,136.47679,45.31867,,,,,
3,136.47679,45.31867,,,,,
3,136.47679,45.31867,,,,,
3,136.47679,45.31867,,,,,
3,136.47679,45.31867,,,,,
3,136.47679,45.31867,,,,,
3,136.47679,45.31867,,,,,
3,136.47679,45.31867,,,,,
3,136.47679,45.31867,,,,,
3,136.47679,45.31867,,,,,
3,136.47679,45.31867,,,,,
3,136.47679,45.31867,,,,,
3,136.47679,45.31867,,,,,
3,136.47679,45.31867,,,,,
3,136.47679,45.31867,,,,,
3,136.47679,45.31867,,,,,
3,136.47679,45.31867,,,,,
3,136.47679,45.31867,,,,,
3,136.47679,45.31867,,,,,
3,136.47679,45.31867,,,,,
3,136.47679,45.31867,,,,,
3,136.47679,45.31867,,,,,
3,136.47679,45.31867,,,,,
3,136.47679,45.31867,,,,,
3,136.47679,45.31867,,,,,
3,136.47679,45.31867,,,,,
3,136.47679,45.31867,,,,,
3,136.47679,45.31867,,,,,
3,136.47679,45.31867,,,,,
3,136.47679,45.31867,,,,,
3,136.47679,45.31867,,,,,
3,136.47679,45.31867,,,,,
3,136.47679,45.31867,,,,,
3,136.47679,45.31867,,,,,
3,136.47679,45.31867,,,,,
3,136.47679,45.31867,,,,,
3,136.47679,45.31867,,,,,
3,136.47679,45.31867,,,,,
3,136.47679,45.31867,,,,,
3,136.47679,45.31867,,,,,
3,136.47679,45.31867,,,,,
3,136.47679,45.31867,,,,,
3,136.47679,45.31867,,,,,
3,136.47679,45.31867,,,,,
3,136.47679,45.31867,,,,,
3,136.47679,45.31867,,,,,
3,136.47679,45.31867,,,,,
3,136.47679,45.31867,,,,,
3,136.47679,45.31867,,,,,
3,136.47679,45.31867,,,,,
3,136.47679,45.31867,,,,,
3,136.47679,45.31867,,,,,
3,136.47679,45.31867,,,,,
3,136.47679,45.31867,,,,,
3,136.47679,45.31867,,,,,
3,136.47679,45.31867,,,,,
3,136.47679,45.31867,,,,,
3,136.47679,45.31867,,,,,
3,136.47679,45.31867,,,,,
3,136.47679,45.31867,,,,,
3,136.47679,45.31867,,,,,
3,136.47679,45.31867,,,,,
3,136.47679,45.31867,,,,,
3,136.47679,45.31867,,,,,
3,136.47679,45.31867,,,,,
3,136.47679,45.31867,,,,,
3,136.47679,45.31867,,,,,
3,136.47679,45.31867,,,,,
3,136.47679,45.31867,,,,,
3,136.47679,45.31867,,,,,
3,136.47679,45.31867,,,,,
3,136.47679,45.31867,,,,,
3,136.47679,45.31867,,,,,
3,136.47679,45.31867,,,,,
3,136.47679,45.31867,,,,,
3,136.47679,45.31867,,,,,
3,136.47679,45.31867,,,,,
3,136.47679,45.31867,,,,,
3,136.47679,45.31867,,,,,
3,136.47679,45.31867,,,,,
3,136.47679,45.31867,,,,,
3,136.47679,45.31867,,,,,
3,136.47679,45.31867,,,,,
3,136.47679,45.31867,,,,,
3,136.47679,45.31867,,,,,
3,136.47679,45.31867,,,,,
3,136.47679,45.31867,,,,,
3,136.47679,45.31867,,,,,
3,136.47679,45.31867,,,,,
3,136.47679,45.31867,,,,,
3,136.47679,45.31867,,,,,
3,136.47679,45.31867,,,,,
3,136.47679,45.31867,,,,,
3,136.47679,45.31867,,,,,
3,136.47679,45.31867,,,,,
3,136.47679,45.31867,,,,,
3,136.47679,45.31867,,,,,
3,136.47679,45.31867,,,,,
3,136.47679,45.31867,,,,,
3,136.47679,45.31867,,,,,
3,136.47679,45.31867,,,,,
3,136.47679,45.31867,,,,,
3,136.47679,45.31867,,,,,
3,136.47679,45.31867,,,,,
3,136.47679,45.31867,,,,,
3,136.47679,45.31867,,,,,
3,136.47679,45.31867,,,,,
3,136.47679,45.31867,,,,,
3,136.47679,45.31867,,,,,
3,136.47679,45.31867,,,,,
3,136.47679,45.31867,,,,,
3,136.47679,45.31867,,,,,
3,136.47679,45.31867,,,,,
3,136.47679,45.31867,,,,,
3,136.47679,45.31867,,,,,
3,136.47679,45.31867,,,,,
3,136.47679,45.31867,,,,,
3,136.47679,45.31867,,,,,
3,136.47679,45.31867,,,,,
3,136.47679,45.31867,,,,,
3,136.47679,45.31867,,,,,
3,136.47679,45.31867,,,,,
3,136.47679,45.31867,,,,,
3,136.47679,45.31867,,,,,
3,136.47679,45.31867,,,,,
3,136.47679,45.31867,,,,,
3,136.47679,45.31867,,,,,
3,136.47679,45.31867,,,,,
3,136.47679,45.31867,,,,,
3,136.47679,45.31867,,,,,
3,136.47679,45.31867,,,,,
3,136.47679,45.31867,,,,,
3,136.47679,45.31867,,,,,
3,136.47679,45.31867,,,,,
3,136.47679,45.31867,,,,,
3,136.47679,45.31867,,,,,
3,136.47679,45.31867,,,,,
3,136.47679,45.31867,,,,,
3,136.47679,45.31867,,,,,
3,136.47679,45.31867,,,,,
3,136.47679,45.31867,,,,,
3,136.47679,45.31867,,,,,
3,136.47679,45.31867,,,,,
3,136.47679,45.31867,,,,,
3,136.47679,45.31867,,,,,
3,136.47679,45.31867,,,,,
3,136.47679,45.31867,,,,,
3,136.47679,45.31867,,,,,
3,136.47679,45.31867,,,,,
3,136.47679,45.31867,,,,,
3,136.47679,45.31867,,,,,
3,136.47679,45.31867,,,,,
3,136.47679,45.31867,,,,,
3,136.47679,45.31867,,,,,
3,136.47679,45.31867,,,,,
3,136.47679,45.31867,,,,,
4,136.47679,45.31867,,,,,
4,136.47679,45.31867,,,,,
4,136.47679,45.31867,,,,,
4,136.47679,45.31867,,,,,
4,136.47679,45.31867,,,,,
4,136.47679,45.31867,,,,,
4,136.47679,45.31867,,,,,
4,136.47679,45.31867,,,,,
4,136.47679,45.31867,,,,,
4,136.47679,45.31867,,,,,
4,136.47679,45.31867,,,,,
4,136.47679,45.31867,,,,,
4,136.47679,45.31867,,,,,
4,136.47679,45.31867,,,,,
4,136.47679,45.31867,,,,,
4,136.47679,45.31867,,,,,
4,136.47679,45.31867,,,,,
4,136.47679,45.31867,,,,,
4,136.47679,45.31867,,,,,
4,136.47679,45.31867,,,,,
4,136.47679,45.31867,,,,,
4,136.47679,45.31867,,,,,
4,136.47679,45.31867,,,,,
4,136.47679,45.31867,,,,,
4,136.47679,45.31867,,,,,
4,136.47679,45.31867,,,,,
4,136.47679,45.31867,,,,,
4,136.47679,45.31867,,,,,
4,136.47679,45.31867,,,,,
4,136.47679,45.31867,,,,,
4,136.47679,45.31867,,,,,
4,136.47679,45.31867,,,,,
4,136.47679,45.31867,,,,,
4,136.47679,45.31867,,,,,
4,136.47679,45.31867,,,,,
4,136.47679,45.31867,,,,,
4,136.47679,45.31867,,,,,
4,136.47679,45.31867,,,,,
4,136.47679,45.31867,,,,,
4,136.47679,45.31867,,,,,
4,136.47679,45.31867,,,,,
4,136.47679,45.31867,,,,,
4,136.47679,45.31867,,,,,
4,136.47679,45.31867,,,,,
4,136.47679,45.31867,,,,,
4,136.47679,45.31867,,,,,
4,136.47679,45.31867,,,,,
4,136.47679,45.31867,,,,,
4,136.47679,45.31867,,,,,
4,136.47679,45.31867,,,,,
4,136.47679,45.31867,,,,,
4,136.47679,45.31867,,,,,
4,136.47679,45.31867,,,,,
4,136.47679,45.31867,,,,,
4,136.47679,45.31867,,,,,
4,136.47679,45.31867,,,,,
4,136.47679,45.31867,,,,,
4,136.47679,45.31867,,,,,
4,136.47679,45.31867,,,,,
4,136.47679,45.31867,,,,,
4,136.47679,45.31867,,,,,
4,136.47679,45.31867,,,,,
4,136.47679,45.31867,,,,,
4,136.47679,45.31867,,,,,
4,136.47679,45.31867,,,,,
4,136.47679,45.31867,,,,,
4,136.47679,45.31867,,,,,
4,136.47679,45.31867,,,,,
4,136.47679,45.31867,,,,,
4,136.47679,45.31867,,,,,
4,136.47679,45.31867,,,,,
4,136.47679,45.31867,,,,,
4,136.47679,45.31867,,,,,
4,136.47679,45.31867,,,,,
4,136.47679,45.31867,,,,,
4,136.47679,45.31867,,,,,
4,136.47679,45.31867,,,,,
4,136.47679,45.31867,,,,,
4,136.47679,45.31867,,,,,
4,136.47679,45.31867,,,,,
4,136.47679,45.31867,,,,,
4,136.47679,45.31867,,,,,
4,136.47679,45.31867,,,,,
4,136.47679,45.31867,,,,,
4,136.47679,45.31867,,,,,
4,136.47679,45.31867,,,,,
4,136.47679,45.31867,,,,,
4,136.47679,45.31867,,,,,
4,136.47679,45.31867,,,,,
4,136.47679,45.31867,,,,,
4,136.47679,45.31867,,,,,
4,136.47679,45.31867,,,,,
4,136.47679,45.31867,,,,,
4,136.47679,45.31867,,,,,
4,136.47679,45.31867,,,,,
4,136.47679,45.31867,,,,,
4,136.47679,45.31867,,,,,
4,136.47679,45.31867,,,,,
4,136.47679,45.31867,,,,,
4,136.47679,45.31867,,,,,
4,136.47679,45.31867,,,,,
4,136.47679,45.31867,,,,,
4,136.47679,45.31867,,,,,
4,136.47679,45.31867,,,,,
4,136.47679,45.31867,,,,,
4,136.47679,45.31867,,,,,
4,136.47679,45.31867,,,,,
4,136.47679,45.31867,,,,,
4,136.47679,45.31867,,,,,
4,136.47679,45.31867,,,,,
4,136.47679,45.31867,,,,,
4,136.47679,45.31867,,,,,
4,136.47679,45.31867,,,,,
4,136.47679,45.31867,,,,,
4,136.47679,45.31867,,,,,
4,136.47679,45.31867,,,,,
4,136.47679,45.31867,,,,,
4,136.47679,45.31867,,,,,
4,136.47679,45.31867,,,,,
4,136.47679,45.31867,,,,,
4,136.47679,45.31867,,,,,
4,136.47679,45.31867,,,,,
4,136.47679,45.31867,,,,,
4,136.47679,45.31867,,,,,
4,136.47679,45.31867,,,,,
4,136.47679,45.31867,,,,,
4,136.47679,45.31867,,,,,
4,136.47679,45.31867,,,,,
4,136.47679,45.31867,,,,,
4,136.47679,45.31867,,,,,
4,136.47679,45.31867,,,,,
4,136.47679,45.31867,,,,,
4,136.47679,45.31867,,,,,
4,136.47679,45.31867,,,,,
4,136.47679,45.31867,,,,,
4,136.47679,45.31867,,,,,
4,136.47679,45.31867,,,,,
4,136.47679,45.31867,,,,,
4,136.47679,45.31867,,,,,
4,136.47679,45.31867,,,,,
4,136.47679,45.31867,,,,,
4,136.47679,45.31867,,,,,
4,136.47679,45.31867,,,,,
4,136.47679,45.31867,,,,,
4,136.47679,45.31867,,,,,
4,136.47679,45.31867,,,,,
4,136.47679,45.31867,,,,,
4,136.47679,45.31867,,,,,
4,136.47679,45.31867,,,,,
4,136.47679,45.31867,,,,,
4,136.47679,45.31867,,,,,
4,136.47679,45.31867,,,,,
4,136.47679,45.31867,,,,,
4,136.47679,45.31867,,,,,
4,136.47679,45.31867,,,,,
4,136.47679,45.31867,,,,,
4,136.47679,45.31867,,,,,
4,136.47679,45.31867,,,,,
4,136.47679,45.31867,,,,,
4,136.47679,45.31867,,,,,
4,136.47679,45.31867,,,,,
4,136.47679,45.31867,,,,,
4,136.47679,45.31867,,,,,
4,136.47679,45.31867,,,,,
4,136.47679,45.31867,,,,,
4,136.47679,45.31867,,,,,
4,136.47679,45.31867,,,,,
4,136.47679,45.31867,,,,,
4,136.47679,45.31867,,,,,
4,136.47679,45.31867,,,,,
4,136.47679,45.31867,,,,,
4,136.47679,45.31867,,,,,
4,136.47679,45.31867,,,,,
4,136.47679,45.31867,,,,,
4,136.47679,45.31867,,,,,
4,136.47679,45.31867,,,,,
4,136.47679,45.31867,,,,,
4,136.47679,45.31867,,,,,
4,136.47679,45.31867,,,,,
4,136.47679,45.31867,,,,,
4,136.47679,45.31867,,,,,
4,136.47679,45.31867,,,,,
4,136.47679,45.31867,,,,,
4,136.47679,45.31867,,,,,
4,136.47679,45.31867,,,,,
4,136.47679,45.31867,,,,,
4,136.47679,45.31867,,,,,
4,136.47679,45.31867,,,,,
4,136.47679,45.31867,,,,,
4,136.47679,45.31867,,,,,
4,136.47679,45.31867,,,,,
4,136.47679,45.31867,,,,,
4,136.47679,45.31867,,,,,
4,136.47679,45.31867,,,,,
4,136.47679,45.31867,,,,,
4,136.47679,45.31867,,,,,
4,136.47679,45.31867,,,,,
4,136.47679,45.31867,,,,,
4,136.47679,45.31867,,,,,
4,136.47679,45.31867,,,,,
4,136.47679,45.31867,,,,,
4,136.47679,45.31867,,,,,
4,136.47679,45.31867,,,,,
4,136.47679,45.31867,,,,,
4,136.47679,45.31867,,,,,
4,136.47679,45.31867,,,,,
4,136.47679,45.31867,,,,,
4,136.47679,45.31867,,,,,
4,136.47679,45.31867,,,,,
4,136.47679,45.31867,,,,,
4,136.47679,45.31867,,,,,
4,136.47679,45.31867,,,,,
4,136.47679,45.31867,,,,,
4,136.47679,45.31867,,,,,
4,136.47679,45.31867,,,,,
4,136.47679,45.31867,,,,,
4,136.47679,45.31867,,,,,
4,136.47679,45.31867,,,,,
4,136.47679,45.31867,,,,,
4,136.47679,45.31867,,,,,
4,136.47679,45.31867,,,,,
4,136.47679,45.31867,,,,,
4,136.47679,45.31867,,,,,
4,136.47679,45.31867,,,,,
4,136.47679,45.31867,,,,,
4,136.47679,45.31867,,,,,
4,136.47679,45.31867,,,,,
4,136.47679,45.31867,,,,,
4,136.47679,45.31867,,,,,
4,136.47679,45.31867,,,,,
4,136.47679,45.31867,,,,,
4,136.47679,45.31867,,,,,
4,136.47679,45.31867,,,,,
4,136.47679,45.31867,,,,,
4,136.47679,45.31867,,,,,
4,136.47679,45.31867,,,,,
4,136.47679,45.31867,,,,,
4,136.47679,45.31867,,,,,
4,136.47679,45.31867,,,,,
4,136.47679,45.31867,,,,,
4,136.47679,45.31867,,,,,
4,136.47679,45.31867,,,,,
4,136.47679,45.31867,,,,,
4,136.47679,45.31867,,,,,
4,136.47679,45.31867,,,,,
4,136.47679,45.31867,,,,,
4,136.47679,45.31867,,,,,
4,136.47679,45.31867,,,,,
4,136.47679,45.31867,,,,,
4,136.47679,45.31867,,,,,
4,136.47679,45.31867,,,,,
4,136.47679,45.31867,,,,,
4,136.47679,45.31867,,,,,
4,136.47679,45.31867,,,,,
4,136.47679,45.31867,,,,,
4,136.47679,45.31867,,,,,
4,136.47679,45.31867,,,,,
4,136.47679,45.31867,,,,,
4,136.47679,45.31867,,,,,
4,136.47679,45.31867,,,,,
4,136.47679,45.31867,,,,,
4,136.47679,45.31867,,,,,
4,136.47679,45.31867,,,,,
4,136.47679,45.31867,,,,,
4,136.47679,45.31867,,,,,
4,136.47679,45.31867,,,,,
4,136.47679,45.31867,,,,,
4,136.47679,45.31867,,,,,
4,136.47679,45.31867,,,,,
4,136.47679,45.31867,,,,,
4,136.47679,45.31867,,,,,
4,136.47679,45.31867,,,,,
4,136.47679,45.31867,,,,,
4,136.47679,45.31867,,,,,
4,136.47679,45.31867,,,,,
4,136.47679,45.31867,,,,,
4,136.47679,45.31867,,,,,
4,136.47679,45.31867,,,,,
4,136.47679,45.31867,,,,,
4,136.47679,45.31867,,,,,
4,136.47679,45.31867,,,,,
4,136.47679,45.31867,,,,,
4,136.47679,45.31867,,,,,
4,136.47679,45.31867,,,,,
4,136.47679,45.31867,,,,,
4,136.47679,45.31867,,,,,
4,136.47679,45.31867,,,,,
4,136.47679,45.31867,,,,,
4,136.47679,45.31867,,,,,
4,136.47679,45.31867,,,,,
4,136.47679,45.31867,,,,,
4,136.47679,45.31867,,,,,
4,136.47679,45.31867,,,,,
4,136.47679,45.31867,,,,,
4,136.47679,45.31867,,,,,
4,136.47679,45.31867,,,,,
4,136.47679,45.31867,,,,,
4,136.47679,45.31867,,,,,
4,136.47679,45.31867,,,,,
4,136.47679,45.31867,,,,,
4,136.47679,45.31867,,,,,
4,136.47679,45.31867,,,,,
4,136.47679,45.31867,,,,,
4,136.47679,45.31867,,,,,
4,136.47679,45.31867,,,,,
4,136.47679,45.31867,,,,,
4,136.47679,45.31867,,,,,
4,136.47679,45.31867,,,,,
4,136.47679,45.31867,,,,,
4,136.47679,45.31867,,,,,
4,136.47679,45.31867,,,,,
4,136.47679,45.31867,,,,,
4,136.47679,45.31867,,,,,
4,136.47679,45.31867,,,,,
4,136.47679,45.31867,,,,,
4,136.47679,45.31867,,,,,
4,136.47679,45.31867,,,,,
4,136.47679,45.31867,,,,,
4,136.47679,45.31867,,,,,
4,136.47679,45.31867,,,,,
4,136.47679,45.31867,,,,,
4,136.47679,45.31867,,,,,
4,136.47679,45.31867,,,,,
4,136.47679,45.31867,,,,,
4,136.47679,45.31867,,,,,
4,136.47679,45.31867,,,,,
4,136.47679,45.31867,,,,,
4,136.47679,45.31867,,,,,
4,136.47679,45.31867,,,,,
4,136.47679,45.31867,,,,,
4,136.47679,45.31867,,,,,
4,136.47679,45.31867,,,,,
4,136.47679,45.31867,,,,,
4,136.47679,45.31867,,,,,
4,136.47679,45.31867,,,,,
4,136.47679,45.31867,,,,,
4,136.47679,45.31867,,,,,
4,136.47679,45.31867,,,,,
4,136.47679,45.31867,,,,,
4,136.47679,45.31867,,,,,
4,136.47679,45.31867,,,,,
4,136.47679,45.31867,,,,,
4,136.47679,45.31867,,,,,
4,136.47679,45.31867,,,,,
4,136.47679,45.31867,,,,,
4,136.47679,45.31867,,,,,
4,136.47679,45.31867,,,,,
4,136.47679,45.31867,,,,,
4,136.47679,45.31867,,,,,
4,136.47679,45.31867,,,,,
4,136.47679,45.31867,,,,,
4,136.47679,45.31867,,,,,
4,136.47679,45.31867,,,,,
4,136.47679,45.31867,,,,,
4,136.47679,45.31867,,,,,
4,136.47679,45.31867,,,,,
4,136.47679,45.31867,,,,,
4,136.47679,45.31867,,,,,
4,136.47679,45.31867,,,,,
4,136.47679,45.31867,,,,,
4,136.47679,45.31867,,,,,
4,136.47679,45.31867,,,,,
4,136.47679,45.31867,,,,,
4,136.47679,45.31867,,,,,
4,136.47679,45.31867,,,,,
4,136.47679,45.31867,,,,,
4,136.47679,45.31867,,,,,
4,136.47679,45.31867,,,,,
4,136.47679,45.31867,,,,,
4,136.47679,45.31867,,,,,
4,136.47679,45.31867,,,,,
4,136.47679,45.31867,,,,,
4,136.47679,45.31867,,,,,
4,136.47679,45.31867,,,,,
4,136.47679,45.31867,,,,,
4,136.47679,45.31867,,,,,
4,136.47679,45.31867,,,,,
4,136.47679,45.31867,,,,,
4,136.47679,45.31867,,,,,
4,136.47679,45.31867,,,,,
4,136.47679,45.31867,,,,,
4,136.47679,45.31867,,,,,
4,136.47679,45.31867,,,,,
4,136.47679,45.31867,,,,,
4,136.47679,45.31867,,,,,
4,136.47679,45.31867,,,,,
4,136.47679,45.31867,,,,,
4,136.47679,45.31867,,,,,
4,136.47679,45.31867,,,,,
4,136.47679,45.31867,,,,,
4,136.47679,45.31867,,,,,
4,136.47679,45.31867,,,,,
4,136.47679,45.31867,,,,,
4,136.47679,45.31867,,,,,
4,136.47679,45.31867,,,,,
4,136.47679,45.31867,,,,,
4,136.47679,45.31867,,,,,
4,136.47679,45.31867,,,,,
4,136.47679,45.31867,,,,,
4,136.47679,45.31867,,,,,
4,136.47679,45.31867,,,,,
4,136.47679,45.31867,,,,,
4,136.47679,45.31867,,,,,
4,136.47679,45.31867,,,,,
4,136.47679,45.31867,,,,,
4,136.47679,45.31867,,,,,
4,136.47679,45.31867,,,,,
4,136.47679,45.31867,,,,,
4,136.47679,45.31867,,,,,
4,136.47679,45.31867,,,,,
4,136.47679,45.31867,,,,,
4,136.47679,45.31867,,,,,
4,136.47679,45.31867,,,,,
4,136.47679,45.31867,,,,,
4,136.47679,45.31867,,,,,
4,136.47679,45.31867,,,,,
4,136.47679,45.31867,,,,,
4,136.47679,45.31867,,,,,
4,136.47679,45.31867,,,,,
4,136.47679,45.31867,,,,,
4,136.47679,45.31867,,,,,
4,136.47679,45.31867,,,,,
4,136.47679,45.31867,,,,,
4,136.47679,45.31867,,,,,
4,136.47679,45.31867,,,,,
4,136.47679,45.31867,,,,,
4,136.47679,45.31867,,,,,
4,136.47679,45.31867,,,,,
4,136.47679,45.31867,,,,,
4,136.47679,45.31867,,,,,
4,136.47679,45.31867,,,,,
4,136.47679,45.31867,,,,,
4,136.47679,45.31867,,,,,
4,136.47679,45.31867,,,,,
4,136.47679,45.31867,,,,,
4,136.47679,45.31867,,,,,
4,136.47679,45.31867,,,,,
4,136.47679,45.31867,,,,,
4,136.47679,45.31867,,,,,
4,136.47679,45.31867,,,,,
4,136.47679,45.31867,,,,,
4,136.47679,45.31867,,,,,
5,135.800844,45.179938,,,,,
5,135.800844,45.179938,,,,,
5,135.800844,45.179938,,,,,
5,135.800844,45.179938,,,,,
5,135.800844,45.179938,,,,,
5,135.800844,45.179938,,,,,
5,135.800844,45.179938,,,,,
5,135.800844,45.179938,,,,,
5,135.800844,45.179938,,,,,
5,135.800844,45.179938,,,,,
5,135.800844,45.179938,,,,,
5,135.800844,45.179938,,,,,
5,135.800844,45.179938,,,,,
5,135.800844,45.179938,,,,,
5,135.800844,45.179938,,,,,
5,135.800844,45.179938,,,,,
5,135.800844,45.179938,,,,,
5,135.800844,45.179938,,,,,
5,135.800844,45.179938,,,,,
5,135.800844,45.179938,,,,,
5,135.800844,45.179938,,,,,
5,135.800844,45.179938,,,,,
5,135.800844,45.179938,,,,,
5,135.800844,45.179938,,,,,
5,135.800844,45.179938,,,,,
5,135.800844,45.179938,,,,,
5,135.800844,45.179938,,,,,
5,135.800844,45.179938,,,,,
5,135.800844,45.179938,,,,,
5,135.800844,45.179938,,,,,
5,135.800844,45.179938,,,,,
5,135.800844,45.179938,,,,,
5,135.800844,45.179938,,,,,
5,135.800844,45.179938,,,,,
5,135.800844,45.179938,,,,,
5,135.800844,45.179938,,,,,
5,135.800844,45.179938,,,,,
5,135.800844,45.179938,,,,,
5,135.800844,45.179938,,,,,
5,135.800844,45.179938,,,,,
5,135.800844,45.179938,,,,,
5,135.800844,45.179938,,,,,
5,135.800844,45.179938,,,,,
5,135.800844,45.179938,,,,,
5,135.800844,45.179938,,,,,
5,135.800844,45.179938,,,,,
5,135.800844,45.179938,,,,,
5,135.800844,45.179938,,,,,
5,135.800844,45.179938,,,,,
5,135.800844,45.179938,,,,,
5,135.800844,45.179938,,,,,
5,135.800844,45.179938,,,,,
5,135.800844,45.179938,,,,,
5,135.800844,45.179938,,,,,
5,135.800844,45.179938,,,,,
5,135.800844,45.179938,,,,,
5,135.800844,45.179938,,,,,
5,135.800844,45.179938,,,,,
5,135.800844,45.179938,,,,,
5,135.800844,45.179938,,,,,
5,135.800844,45.179938,,,,,
5,135.800844,45.179938,,,,,
5,135.800844,45.179938,,,,,
5,135.800844,45.179938,,,,,
5,135.800844,45.179938,,,,,
5,135.800844,45.179938,,,,,
5,135.800844,45.179938,,,,,
5,135.800844,45.179938,,,,,
5,135.800844,45.179938,,,,,
5,135.800844,45.179938,,,,,
5,135.800844,45.179938,,,,,
5,135.800844,45.179938,,,,,
5,135.800844,45.179938,,,,,
5,135.800844,45.179938,,,,,
5,135.800844,45.179938,,,,,
5,135.800844,45.179938,,,,,
5,135.800844,45.179938,,,,,
5,135.800844,45.179938,,,,,
5,135.800844,45.179938,,,,,
5,135.800844,45.179938,,,,,
5,135.800844,45.179938,,,,,
5,135.800844,45.179938,,,,,
5,135.800844,45.179938,,,,,
5,135.800844,45.179938,,,,,
5,135.800844,45.179938,,,,,
5,135.800844,45.179938,,,,,
5,135.800844,45.179938,,,,,
5,135.800844,45.179938,,,,,
5,135.800844,45.179938,,,,,
5,135.800844,45.179938,,,,,
5,135.800844,45.179938,,,,,
5,135.800844,45.179938,,,,,
5,135.800844,45.179938,,,,,
5,135.800844,45.179938,,,,,
5,135.800844,45.179938,,,,,
5,135.800844,45.179938,,,,,
5,135.800844,45.179938,,,,,
5,135.800844,45.179938,,,,,
5,135.800844,45.179938,,,,,
5,135.800844,45.179938,,,,,
5,135.800844,45.179938,,,,,
5,135.800844,45.179938,,,,,
5,135.800844,45.179938,,,,,
5,135.800844,45.179938,,,,,
5,135.800844,45.179938,,,,,
5,135.800844,45.179938,,,,,
5,135.800844,45.179938,,,,,
5,135.800844,45.179938,,,,,
5,135.800844,45.179938,,,,,
5,135.800844,45.179938,,,,,
5,135.800844,45.179938,,,,,
5,135.800844,45.179938,,,,,
5,135.800844,45.179938,,,,,
5,135.800844,45.179938,,,,,
5,135.800844,45.179938,,,,,
5,135.800844,45.179938,,,,,
5,135.800844,45.179938,,,,,
5,135.800844,45.179938,,,,,
5,135.800844,45.179938,,,,,
5,135.800844,45.179938,,,,,
5,135.800844,45.179938,,,,,
5,135.800844,45.179938,,,,,
5,135.800844,45.179938,,,,,
5,135.800844,45.179938,,,,,
5,135.800844,45.179938,,,,,
5,135.800844,45.179938,,,,,
5,135.800844,45.179938,,,,,
5,135.800844,45.179938,,,,,
5,135.800844,45.179938,,,,,
5,135.800844,45.179938,,,,,
5,135.800844,45.179938,,,,,
5,135.800844,45.179938,,,,,
5,135.800844,45.179938,,,,,
5,135.800844,45.179938,,,,,
5,135.800844,45.179938,,,,,
5,135.800844,45.179938,,,,,
5,135.800844,45.179938,,,,,
5,135.800844,45.179938,,,,,
5,135.800844,45.179938,,,,,
5,135.800844,45.179938,,,,,
5,135.800844,45.179938,,,,,
5,135.800844,45.179938,,,,,
5,135.800844,45.179938,,,,,
5,135.800844,45.179938,,,,,
5,135.800844,45.179938,,,,,
5,135.800844,45.179938,,,,,
5,135.800844,45.179938,,,,,
5,135.800844,45.179938,,,,,
5,135.800844,45.179938,,,,,
5,135.800844,45.179938,,,,,
5,135.800844,45.179938,,,,,
5,135.800844,45.179938,,,,,
5,135.800844,45.179938,,,,,
5,135.800844,45.179938,,,,,
5,135.800844,45.179938,,,,,
5,135.800844,45.179938,,,,,
5,135.800844,45.179938,,,,,
5,135.800844,45.179938,,,,,
5,135.800844,45.179938,,,,,
5,135.800844,45.179938,,,,,
5,135.800844,45.179938,,,,,
5,135.800844,45.179938,,,,,
5,135.800844,45.179938,,,,,
5,135.800844,45.179938,,,,,
5,135.800844,45.179938,,,,,
5,135.800844,45.179938,,,,,
5,135.800844,45.179938,,,,,
5,135.800844,45.179938,,,,,
5,135.800844,45.179938,,,,,
5,135.800844,45.179938,,,,,
5,135.800844,45.179938,,,,,
5,135.800844,45.179938,,,,,
5,135.800844,45.179938,,,,,
5,135.800844,45.179938,,,,,
5,135.800844,45.179938,,,,,
5,135.800844,45.179938,,,,,
5,135.800844,45.179938,,,,,
5,135.800844,45.179938,,,,,
5,135.800844,45.179938,,,,,
5,135.800844,45.179938,,,,,
5,135.800844,45.179938,,,,,
5,135.800844,45.179938,,,,,
5,135.800844,45.179938,,,,,
5,135.800844,45.179938,,,,,
5,135.800844,45.179938,,,,,
5,135.800844,45.179938,,,,,
5,135.800844,45.179938,,,,,
5,135.800844,45.179938,,,,,
5,135.800844,45.179938,,,,,
5,135.800844,45.179938,,,,,
5,135.800844,45.179938,,,,,
5,135.800844,45.179938,,,,,
5,135.800844,45.179938,,,,,
5,135.800844,45.179938,,,,,
5,135.800844,45.179938,,,,,
5,135.800844,45.179938,,,,,
5,135.800844,45.179938,,,,,
5,135.800844,45.179938,,,,,
5,135.800844,45.179938,,,,,
5,135.800844,45.179938,,,,,
5,135.800844,45.179938,,,,,
5,135.800844,45.179938,,,,,
5,135.800844,45.179938,,,,,
5,135.800844,45.179938,,,,,
5,135.800844,45.179938,,,,,
5,135.800844,45.179938,,,,,
5,135.800844,45.179938,,,,,
5,135.800844,45.179938,,,,,
5,135.800844,45.179938,,,,,
5,135.800844,45.179938,,,,,
5,135.800844,45.179938,,,,,
5,135.800844,45.179938,,,,,
5,135.800844,45.179938,,,,,
5,135.800844,45.179938,,,,,
5,135.800844,45.179938,,,,,
5,135.800844,45.179938,,,,,
5,135.800844,45.179938,,,,,
5,135.800844,45.179938,,,,,
5,135.800844,45.179938,,,,,
5,135.800844,45.179938,,,,,
5,135.800844,45.179938,,,,,
5,135.800844,45.179938,,,,,
5,135.800844,45.179938,,,,,
5,135.800844,45.179938,,,,,
5,135.800844,45.179938,,,,,
5,135.800844,45.179938,,,,,
5,135.800844,45.179938,,,,,
5,135.800844,45.179938,,,,,
5,135.800844,45.179938,,,,,
5,135.800844,45.179938,,,,,
5,135.800844,45.179938,,,,,
5,135.800844,45.179938,,,,,
5,135.800844,45.179938,,,,,
5,135.800844,45.179938,,,,,
5,135.800844,45.179938,,,,,
5,135.800844,45.179938,,,,,
5,135.800844,45.179938,,,,,
5,135.800844,45.179938,,,,,
6,133.022708,49.070583,,,,,
6,133.022708,49.070583,,,,,
6,133.022708,49.070583,,,,,
6,133.022708,49.070583,,,,,
6,133.022708,49.070583,,,,,
6,133.022708,49.070583,,,,,
6,133.022708,49.070583,,,,,
6,133.022708,49.070583,,,,,
6,133.022708,49.070583,,,,,
6,133.022708,49.070583,,,,,
6,133.022708,49.070583,,,,,
6,133.022708,49.070583,,,,,
6,133.022708,49.070583,,,,,
6,133.022708,49.070583,,,,,
6,133.022708,49.070583,,,,,
6,133.022708,49.070583,,,,,
6,133.022708,49.070583,,,,,
6,133.022708,49.070583,,,,,
6,133.022708,49.070583,,,,,
6,133.022708,49.070583,,,,,
6,133.022708,49.070583,,,,,
6,133.022708,49.070583,,,,,
6,133.022708,49.070583,,,,,
6,133.022708,49.070583,,,,,
6,133.022708,49.070583,,,,,
6,133.022708,49.070583,,,,,
6,133.022708,49.070583,,,,,
6,133.022708,49.070583,,,,,
6,133.022708,49.070583,,,,,
6,133.022708,49.070583,,,,,
6,133.022708,49.070583,,,,,
6,133.022708,49.070583,,,,,
6,133.022708,49.070583,,,,,
6,133.022708,49.070583,,,,,
6,133.022708,49.070583,,,,,
6,133.022708,49.070583,,,,,
6,133.022708,49.070583,,,,,
6,133.022708,49.070583,,,,,
6,133.022708,49.070583,,,,,
6,133.022708,49.070583,,,,,
6,133.022708,49.070583,,,,,
6,133.022708,49.070583,,,,,
6,133.022708,49.070583,,,,,
6,133.022708,49.070583,,,,,
6,133.022708,49.070583,,,,,
6,133.022708,49.070583,,,,,
6,133.022708,49.070583,,,,,
6,133.022708,49.070583,,,,,
6,133.022708,49.070583,,,,,
6,133.022708,49.070583,,,,,
6,133.022708,49.070583,,,,,
6,133.022708,49.070583,,,,,
6,133.022708,49.070583,,,,,
6,133.022708,49.070583,,,,,
6,133.022708,49.070583,,,,,
6,133.022708,49.070583,,,,,
6,133.022708,49.070583,,,,,
6,133.022708,49.070583,,,,,
6,133.022708,49.070583,,,,,
6,133.022708,49.070583,,,,,
6,133.022708,49.070583,,,,,
6,133.022708,49.070583,,,,,
6,133.022708,49.070583,,,,,
6,133.022708,49.070583,,,,,
6,133.022708,49.070583,,,,,
6,133.022708,49.070583,,,,,
6,133.022708,49.070583,,,,,
6,133.022708,49.070583,,,,,
6,133.022708,49.070583,,,,,
6,133.022708,49.070583,,,,,
6,133.022708,49.070583,,,,,
6,133.022708,49.070583,,,,,
6,133.022708,49.070583,,,,,
6,133.022708,49.070583,,,,,
6,133.022708,49.070583,,,,,
6,133.022708,49.070583,,,,,
6,133.022708,49.070583,,,,,
6,133.022708,49.070583,,,,,
6,133.022708,49.070583,,,,,
6,133.022708,49.070583,,,,,
6,133.022708,49.070583,,,,,
6,133.022708,49.070583,,,,,
6,133.022708,49.070583,,,,,
6,133.022708,49.070583,,,,,
6,133.022708,49.070583,,,,,
6,133.022708,49.070583,,,,,
6,133.022708,49.070583,,,,,
6,133.022708,49.070583,,,,,
6,133.022708,49.070583,,,,,
6,133.022708,49.070583,,,,,
6,133.022708,49.070583,,,,,
6,133.022708,49.070583,,,,,
6,133.022708,49.070583,,,,,
6,133.022708,49.070583,,,,,
6,133.022708,49.070583,,,,,
6,133.022708,49.070583,,,,,
6,133.022708,49.070583,,,,,
6,133.022708,49.070583,,,,,
6,133.022708,49.070583,,,,,
7,133.052239,49.085269,,,,,
7,133.052239,49.085269,,,,,
7,133.052239,49.085269,,,,,
7,133.052239,49.085269,,,,,
7,133.052239,49.085269,,,,,
7,133.052239,49.085269,,,,,
7,133.052239,49.085269,,,,,
7,133.052239,49.085269,,,,,
7,133.052239,49.085269,,,,,
7,133.052239,49.085269,,,,,
7,133.052239,49.085269,,,,,
7,133.052239,49.085269,,,,,
7,133.052239,49.085269,,,,,
7,133.052239,49.085269,,,,,
7,133.052239,49.085269,,,,,
7,133.052239,49.085269,,,,,
7,133.052239,49.085269,,,,,
7,133.052239,49.085269,,,,,
7,133.052239,49.085269,,,,,
7,133.052239,49.085269,,,,,
7,133.052239,49.085269,,,,,
7,133.052239,49.085269,,,,,
7,133.052239,49.085269,,,,,
7,133.052239,49.085269,,,,,
7,133.052239,49.085269,,,,,
7,133.052239,49.085269,,,,,
7,133.052239,49.085269,,,,,
7,133.052239,49.085269,,,,,
7,133.052239,49.085269,,,,,
7,133.052239,49.085269,,,,,
7,133.052239,49.085269,,,,,
7,133.052239,49.085269,,,,,
7,133.052239,49.085269,,,,,
7,133.052239,49.085269,,,,,
7,133.052239,49.085269,,,,,
7,133.052239,49.085269,,,,,
7,133.052239,49.085269,,,,,
7,133.052239,49.085269,,,,,
7,133.052239,49.085269,,,,,
7,133.052239,49.085269,,,,,
7,133.052239,49.085269,,,,,
7,133.052239,49.085269,,,,,
7,133.052239,49.085269,,,,,
7,133.052239,49.085269,,,,,
7,133.052239,49.085269,,,,,
7,133.052239,49.085269,,,,,
7,133.052239,49.085269,,,,,
7,133.052239,49.085269,,,,,
7,133.052239,49.085269,,,,,
7,133.052239,49.085269,,,,,
7,133.052239,49.085269,,,,,
7,133.052239,49.085269,,,,,
7,133.052239,49.085269,,,,,
7,133.052239,49.085269,,,,,
7,133.052239,49.085269,,,,,
7,133.052239,49.085269,,,,,
7,133.052239,49.085269,,,,,
7,133.052239,49.085269,,,,,
7,133.052239,49.085269,,,,,
7,133.052239,49.085269,,,,,
7,133.052239,49.085269,,,,,
7,133.052239,49.085269,,,,,
7,133.052239,49.085269,,,,,
7,133.052239,49.085269,,,,,
7,133.052239,49.085269,,,,,
7,133.052239,49.085269,,,,,
7,133.052239,49.085269,,,,,
7,133.052239,49.085269,,,,,
7,133.052239,49.085269,,,,,
7,133.052239,49.085269,,,,,
7,133.052239,49.085269,,,,,
7,133.052239,49.085269,,,,,
7,133.052239,49.085269,,,,,
7,133.052239,49.085269,,,,,
7,133.052239,49.085269,,,,,
7,133.052239,49.085269,,,,,
7,133.052239,49.085269,,,,,
7,133.052239,49.085269,,,,,
7,133.052239,49.085269,,,,,
7,133.052239,49.085269,,,,,
7,133.052239,49.085269,,,,,
7,133.052239,49.085269,,,,,
7,133.052239,49.085269,,,,,
7,133.052239,49.085269,,,,,
7,133.052239,49.085269,,,,,
7,133.052239,49.085269,,,,,
7,133.052239,49.085269,,,,,
7,133.052239,49.085269,,,,,
7,133.052239,49.085269,,,,,
7,133.052239,49.085269,,,,,
7,133.052239,49.085269,,,,,
7,133.052239,49.085269,,,,,
7,133.052239,49.085269,,,,,
7,133.052239,49.085269,,,,,
7,133.052239,49.085269,,,,,
7,133.052239,49.085269,,,,,
7,133.052239,49.085269,,,,,
7,133.052239,49.085269,,,,,
7,133.052239,49.085269,,,,,
7,133.052239,49.085269,,,,,
7,133.052239,49.085269,,,,,
7,133.052239,49.085269,,,,,
7,133.052239,49.085269,,,,,
7,133.052239,49.085269,,,,,
7,133.052239,49.085269,,,,,
7,133.052239,49.085269,,,,,
7,133.052239,49.085269,,,,,
7,133.052239,49.085269,,,,,
7,133.052239,49.085269,,,,,
7,133.052239,49.085269,,,,,
7,133.052239,49.085269,,,,,
7,133.052239,49.085269,,,,,
7,133.052239,49.085269,,,,,
7,133.052239,49.085269,,,,,
7,133.052239,49.085269,,,,,
7,133.052239,49.085269,,,,,
7,133.052239,49.085269,,,,,
7,133.052239,49.085269,,,,,
7,133.052239,49.085269,,,,,
7,133.052239,49.085269,,,,,
7,133.052239,49.085269,,,,,
7,133.052239,49.085269,,,,,
7,133.052239,49.085269,,,,,
7,133.052239,49.085269,,,,,
7,133.052239,49.085269,,,,,
7,133.052239,49.085269,,,,,
7,133.052239,49.085269,,,,,
7,133.052239,49.085269,,,,,
7,133.052239,49.085269,,,,,
7,133.052239,49.085269,,,,,
7,133.052239,49.085269,,,,,
7,133.052239,49.085269,,,,,
7,133.052239,49.085269,,,,,
7,133.052239,49.085269,,,,,
7,133.052239,49.085269,,,,,
7,133.052239,49.085269,,,,,
7,133.052239,49.085269,,,,,
7,133.052239,49.085269,,,,,
7,133.052239,49.085269,,,,,
7,133.052239,49.085269,,,,,
7,133.052239,49.085269,,,,,
7,133.052239,49.085269,,,,,
7,133.052239,49.085269,,,,,
7,133.052239,49.085269,,,,,
7,133.052239,49.085269,,,,,
7,133.052239,49.085269,,,,,
7,133.052239,49.085269,,,,,
7,133.052239,49.085269,,,,,
7,133.052239,49.085269,,,,,
7,133.052239,49.085269,,,,,
7,133.052239,49.085269,,,,,
7,133.052239,49.085269,,,,,
7,133.052239,49.085269,,,,,
7,133.052239,49.085269,,,,,
7,133.052239,49.085269,,,,,
7,133.052239,49.085269,,,,,
7,133.052239,49.085269,,,,,
7,133.052239,49.085269,,,,,
7,133.052239,49.085269,,,,,
7,133.052239,49.085269,,,,,
7,133.052239,49.085269,,,,,
7,133.052239,49.085269,,,,,
7,133.052239,49.085269,,,,,
7,133.052239,49.085269,,,,,
7,133.052239,49.085269,,,,,
7,133.052239,49.085269,,,,,
7,133.052239,49.085269,,,,,
7,133.052239,49.085269,,,,,
7,133.052239,49.085269,,,,,
7,133.052239,49.085269,,,,,
7,133.052239,49.085269,,,,,
7,133.052239,49.085269,,,,,
7,133.052239,49.085269,,,,,
7,133.052239,49.085269,,,,,
7,133.052239,49.085269,,,,,
7,133.052239,49.085269,,,,,
7,133.052239,49.085269,,,,,
7,133.052239,49.085269,,,,,
7,133.052239,49.085269,,,,,
7,133.052239,49.085269,,,,,
7,133.052239,49.085269,,,,,
7,133.052239,49.085269,,,,,
7,133.052239,49.085269,,,,,
7,133.052239,49.085269,,,,,
7,133.052239,49.085269,,,,,
7,133.052239,49.085269,,,,,
7,133.052239,49.085269,,,,,
7,133.052239,49.085269,,,,,
7,133.052239,49.085269,,,,,
7,133.052239,49.085269,,,,,
7,133.052239,49.085269,,,,,
7,133.052239,49.085269,,,,,
7,133.052239,49.085269,,,,,
7,133.052239,49.085269,,,,,
7,133.052239,49.085269,,,,,
7,133.052239,49.085269,,,,,
7,133.052239,49.085269,,,,,
7,133.052239,49.085269,,,,,
7,133.052239,49.085269,,,,,
7,133.052239,49.085269,,,,,
7,133.052239,49.085269,,,,,
7,133.052239,49.085269,,,,,
7,133.052239,49.085269,,,,,
7,133.052239,49.085269,,,,,
7,133.052239,49.085269,,,,,
7,133.052239,49.085269,,,,,
7,133.052239,49.085269,,,,,
7,133.052239,49.085269,,,,,
7,133.052239,49.085269,,,,,
7,133.052239,49.085269,,,,,
7,133.052239,49.085269,,,,,
7,133.052239,49.085269,,,,,
7,133.052239,49.085269,,,,,
7,133.052239,49.085269,,,,,
7,133.052239,49.085269,,,,,
7,133.052239,49.085269,,,,,
7,133.052239,49.085269,,,,,
7,133.052239,49.085269,,,,,
7,133.052239,49.085269,,,,,
7,133.052239,49.085269,,,,,
7,133.052239,49.085269,,,,,
7,133.052239,49.085269,,,,,
7,133.052239,49.085269,,,,,
7,133.052239,49.085269,,,,,
7,133.052239,49.085269,,,,,
7,133.052239,49.085269,,,,,
7,133.052239,49.085269,,,,,
7,133.052239,49.085269,,,,,
7,133.052239,49.085269,,,,,
7,133.052239,49.085269,,,,,
7,133.052239,49.085269,,,,,
7,133.052239,49.085269,,,,,
7,133.052239,49.085269,,,,,
7,133.052239,49.085269,,,,,
7,133.052239,49.085269,,,,,
7,133.052239,49.085269,,,,,
7,133.052239,49.085269,,,,,
7,133.052239,49.085269,,,,,
7,133.052239,49.085269,,,,,
7,133.052239,49.085269,,,,,
7,133.052239,49.085269,,,,,
7,133.052239,49.085269,,,,,
7,133.052239,49.085269,,,,,
7,133.052239,49.085269,,,,,
7,133.052239,49.085269,,,,,
7,133.052239,49.085269,,,,,
7,133.052239,49.085269,,,,,
7,133.052239,49.085269,,,,,
7,133.052239,49.085269,,,,,
7,133.052239,49.085269,,,,,
7,133.052239,49.085269,,,,,
7,133.052239,49.085269,,,,,
7,133.052239,49.085269,,,,,
7,133.052239,49.085269,,,,,
7,133.052239,49.085269,,,,,
7,133.052239,49.085269,,,,,
7,133.052239,49.085269,,,,,
7,133.052239,49.085269,,,,,
7,133.052239,49.085269,,,,,
7,133.052239,49.085269,,,,,
7,133.052239,49.085269,,,,,
7,133.052239,49.085269,,,,,
7,133.052239,49.085269,,,,,
7,133.052239,49.085269,,,,,
7,133.052239,49.085269,,,,,
7,133.052239,49.085269,,,,,
7,133.052239,49.085269,,,,,
7,133.052239,49.085269,,,,,
7,133.052239,49.085269,,,,,
7,133.052239,49.085269,,,,,
7,133.052239,49.085269,,,,,
7,133.052239,49.085269,,,,,
7,133.052239,49.085269,,,,,
7,133.052239,49.085269,,,,,
7,133.052239,49.085269,,,,,
7,133.052239,49.085269,,,,,
7,133.052239,49.085269,,,,,
7,133.052239,49.085269,,,,,
7,133.052239,49.085269,,,,,
7,133.052239,49.085269,,,,,
7,133.052239,49.085269,,,,,
7,133.052239,49.085269,,,,,
7,133.052239,49.085269,,,,,
7,133.052239,49.085269,,,,,
7,133.052239,49.085269,,,,,
7,133.052239,49.085269,,,,,
7,133.052239,49.085269,,,,,
7,133.052239,49.085269,,,,,
7,133.052239,49.085269,,,,,
7,133.052239,49.085269,,,,,
7,133.052239,49.085269,,,,,
7,133.052239,49.085269,,,,,
7,133.052239,49.085269,,,,,
7,133.052239,49.085269,,,,,
7,133.052239,49.085269,,,,,
7,133.052239,49.085269,,,,,
7,133.052239,49.085269,,,,,
7,133.052239,49.085269,,,,,
7,133.052239,49.085269,,,,,
7,133.052239,49.085269,,,,,
7,133.052239,49.085269,,,,,
7,133.052239,49.085269,,,,,
7,133.052239,49.085269,,,,,
7,133.052239,49.085269,,,,,
7,133.052239,49.085269,,,,,
7,133.052239,49.085269,,,,,
7,133.052239,49.085269,,,,,
7,133.052239,49.085269,,,,,
7,133.052239,49.085269,,,,,
7,133.052239,49.085269,,,,,
7,133.052239,49.085269,,,,,
7,133.052239,49.085269,,,,,
7,133.052239,49.085269,,,,,
7,133.052239,49.085269,,,,,
7,133.052239,49.085269,,,,,
7,133.052239,49.085269,,,,,
7,133.052239,49.085269,,,,,
7,133.052239,49.085269,,,,,
7,133.052239,49.085269,,,,,
7,133.052239,49.085269,,,,,
7,133.052239,49.085269,,,,,
7,133.052239,49.085269,,,,,
7,133.052239,49.085269,,,,,
7,133.052239,49.085269,,,,,
7,133.052239,49.085269,,,,,
7,133.052239,49.085269,,,,,
7,133.052239,49.085269,,,,,
7,133.052239,49.085269,,,,,
7,133.052239,49.085269,,,,,
7,133.052239,49.085269,,,,,
7,133.052239,49.085269,,,,,
7,133.052239,49.085269,,,,,
7,133.052239,49.085269,,,,,
7,133.052239,49.085269,,,,,
7,133.052239,49.085269,,,,,
7,133.052239,49.085269,,,,,
7,133.052239,49.085269,,,,,
7,133.052239,49.085269,,,,,
7,133.052239,49.085269,,,,,
7,133.052239,49.085269,,,,,
7,133.052239,49.085269,,,,,
7,133.052239,49.085269,,,,,
7,133.052239,49.085269,,,,,
7,133.052239,49.085269,,,,,
7,133.052239,49.085269,,,,,
7,133.052239,49.085269,,,,,
7,133.052239,49.085269,,,,,
7,133.052239,49.085269,,,,,
7,133.052239,49.085269,,,,,
7,133.052239,49.085269,,,,,
7,133.052239,49.085269,,,,,
7,133.052239,49.085269,,,,,
7,133.052239,49.085269,,,,,
7,133.052239,49.085269,,,,,
7,133.052239,49.085269,,,,,
7,133.052239,49.085269,,,,,
7,133.052239,49.085269,,,,,
7,133.052239,49.085269,,,,,
7,133.052239,49.085269,,,,,
7,133.052239,49.085269,,,,,
7,133.052239,49.085269,,,,,
7,133.052239,49.085269,,,,,
7,133.052239,49.085269,,,,,
7,133.052239,49.085269,,,,,
7,133.052239,49.085269,,,,,
7,133.052239,49.085269,,,,,
7,133.052239,49.085269,,,,,
7,133.052239,49.085269,,,,,
7,133.052239,49.085269,,,,,
7,133.052239,49.085269,,,,,
7,133.052239,49.085269,,,,,
7,133.052239,49.085269,,,,,
7,133.052239,49.085269,,,,,
7,133.052239,49.085269,,,,,
7,133.052239,49.085269,,,,,
7,133.052239,49.085269,,,,,
7,133.052239,49.085269,,,,,
7,133.052239,49.085269,,,,,
7,133.052239,49.085269,,,,,
7,133.052239,49.085269,,,,,
7,133.052239,49.085269,,,,,
7,133.052239,49.085269,,,,,
7,133.052239,49.085269,,,,,
7,133.052239,49.085269,,,,,
7,133.052239,49.085269,,,,,
7,133.052239,49.085269,,,,,
7,133.052239,49.085269,,,,,
7,133.052239,49.085269,,,,,
7,133.052239,49.085269,,,,,
7,133.052239,49.085269,,,,,
7,133.052239,49.085269,,,,,
7,133.052239,49.085269,,,,,
7,133.052239,49.085269,,,,,
7,133.052239,49.085269,,,,,
7,133.052239,49.085269,,,,,
7,133.052239,49.085269,,,,,
7,133.052239,49.085269,,,,,
7,133.052239,49.085269,,,,,
7,133.052239,49.085269,,,,,
7,133.052239,49.085269,,,,,
7,133.052239,49.085269,,,,,
7,133.052239,49.085269,,,,,
7,133.052239,49.085269,,,,,
7,133.052239,49.085269,,,,,
7,133.052239,49.085269,,,,,
7,133.052239,49.085269,,,,,
7,133.052239,49.085269,,,,,
7,133.052239,49.085269,,,,,
7,133.052239,49.085269,,,,,
7,133.052239,49.085269,,,,,
7,133.052239,49.085269,,,,,
7,133.052239,49.085269,,,,,
7,133.052239,49.085269,,,,,
7,133.052239,49.085269,,,,,
7,133.052239,49.085269,,,,,
7,133.052239,49.085269,,,,,
7,133.052239,49.085269,,,,,
7,133.052239,49.085269,,,,,
7,133.052239,49.085269,,,,,
7,133.052239,49.085269,,,,,
7,133.052239,49.085269,,,,,
7,133.052239,49.085269,,,,,
7,133.052239,49.085269,,,,,
7,133.052239,49.085269,,,,,
7,133.052239,49.085269,,,,,
7,133.052239,49.085269,,,,,
7,133.052239,49.085269,,,,,
7,133.052239,49.085269,,,,,
7,133.052239,49.085269,,,,,
7,133.052239,49.085269,,,,,
7,133.052239,49.085269,,,,,
7,133.052239,49.085269,,,,,
7,133.052239,49.085269,,,,,
7,133.052239,49.085269,,,,,
7,133.052239,49.085269,,,,,
7,133.052239,49.085269,,,,,
7,133.052239,49.085269,,,,,
7,133.052239,49.085269,,,,,
7,133.052239,49.085269,,,,,
7,133.052239,49.085269,,,,,
7,133.052239,49.085269,,,,,
7,133.052239,49.085269,,,,,
7,133.052239,49.085269,,,,,
7,133.052239,49.085269,,,,,
7,133.052239,49.085269,,,,,
7,133.052239,49.085269,,,,,
7,133.052239,49.085269,,,,,
7,133.052239,49.085269,,,,,
7,133.052239,49.085269,,,,,
7,133.052239,49.085269,,,,,
7,133.052239,49.085269,,,,,
7,133.052239,49.085269,,,,,
7,133.052239,49.085269,,,,,
8,131.491271,43.116628,,,,,
8,131.491271,43.116628,,,,,
8,131.491271,43.116628,,,,,
8,131.491271,43.116628,,,,,
8,131.491271,43.116628,,,,,
8,131.491271,43.116628,,,,,
8,131.491271,43.116628,,,,,
8,131.491271,43.116628,,,,,
8,131.491271,43.116628,,,,,
8,131.491271,43.116628,,,,,
8,131.491271,43.116628,,,,,
8,131.491271,43.116628,,,,,
8,131.491271,43.116628,,,,,
8,131.491271,43.116628,,,,,
8,131.491271,43.116628,,,,,
8,131.491271,43.116628,,,,,
8,131.491271,43.116628,,,,,
8,131.491271,43.116628,,,,,
8,131.491271,43.116628,,,,,
8,131.491271,43.116628,,,,,
8,131.491271,43.116628,,,,,
8,131.491271,43.116628,,,,,
8,131.491271,43.116628,,,,,
8,131.491271,43.116628,,,,,
8,131.491271,43.116628,,,,,
8,131.491271,43.116628,,,,,
8,131.491271,43.116628,,,,,
8,131.491271,43.116628,,,,,
8,131.491271,43.116628,,,,,
8,131.491271,43.116628,,,,,
8,131.491271,43.116628,,,,,
8,131.491271,43.116628,,,,,
8,131.491271,43.116628,,,,,
8,131.491271,43.116628,,,,,
8,131.491271,43.116628,,,,,
8,131.491271,43.116628,,,,,
8,131.491271,43.116628,,,,,
8,131.491271,43.116628,,,,,
8,131.491271,43.116628,,,,,
8,131.491271,43.116628,,,,,
8,131.491271,43.116628,,,,,
8,131.491271,43.116628,,,,,
8,131.491271,43.116628,,,,,
8,131.491271,43.116628,,,,,
8,131.491271,43.116628,,,,,
8,131.491271,43.116628,,,,,
8,131.491271,43.116628,,,,,
8,131.491271,43.116628,,,,,
8,131.491271,43.116628,,,,,
8,131.491271,43.116628,,,,,
8,131.491271,43.116628,,,,,
8,131.491271,43.116628,,,,,
8,131.491271,43.116628,,,,,
8,131.491271,43.116628,,,,,
8,131.491271,43.116628,,,,,
8,131.491271,43.116628,,,,,
8,131.491271,43.116628,,,,,
8,131.491271,43.116628,,,,,
8,131.491271,43.116628,,,,,
8,131.491271,43.116628,,,,,
8,131.491271,43.116628,,,,,
8,131.491271,43.116628,,,,,
8,131.491271,43.116628,,,,,
8,131.491271,43.116628,,,,,
8,131.491271,43.116628,,,,,
8,131.491271,43.116628,,,,,
8,131.491271,43.116628,,,,,
8,131.491271,43.116628,,,,,
8,131.491271,43.116628,,,,,
8,131.491271,43.116628,,,,,
8,131.491271,43.116628,,,,,
8,131.491271,43.116628,,,,,
8,131.491271,43.116628,,,,,
8,131.491271,43.116628,,,,,
8,131.491271,43.116628,,,,,
8,131.491271,43.116628,,,,,
8,131.491271,43.116628,,,,,
8,131.491271,43.116628,,,,,
8,131.491271,43.116628,,,,,
8,131.491271,43.116628,,,,,
8,131.491271,43.116628,,,,,
8,131.491271,43.116628,,,,,
8,131.491271,43.116628,,,,,
8,131.491271,43.116628,,,,,
8,131.491271,43.116628,,,,,
8,131.491271,43.116628,,,,,
8,131.491271,43.116628,,,,,
8,131.491271,43.116628,,,,,
8,131.491271,43.116628,,,,,
8,131.491271,43.116628,,,,,
8,131.491271,43.116628,,,,,
8,131.491271,43.116628,,,,,
8,131.491271,43.116628,,,,,
8,131.491271,43.116628,,,,,
8,131.491271,43.116628,,,,,
8,131.491271,43.116628,,,,,
8,131.491271,43.116628,,,,,
8,131.491271,43.116628,,,,,
8,131.491271,43.116628,,,,,
8,131.491271,43.116628,,,,,
8,131.491271,43.116628,,,,,
8,131.491271,43.116628,,,,,
8,131.491271,43.116628,,,,,
8,131.491271,43.116628,,,,,
8,131.491271,43.116628,,,,,
8,131.491271,43.116628,,,,,
8,131.491271,43.116628,,,,,
8,131.491271,43.116628,,,,,
8,131.491271,43.116628,,,,,
8,131.491271,43.116628,,,,,
8,131.491271,43.116628,,,,,
8,131.491271,43.116628,,,,,
8,131.491271,43.116628,,,,,
8,131.491271,43.116628,,,,,
8,131.491271,43.116628,,,,,
8,131.491271,43.116628,,,,,
8,131.491271,43.116628,,,,,
8,131.491271,43.116628,,,,,
8,131.491271,43.116628,,,,,
8,131.491271,43.116628,,,,,
8,131.491271,43.116628,,,,,
8,131.491271,43.116628,,,,,
8,131.491271,43.116628,,,,,
8,131.491271,43.116628,,,,,
8,131.491271,43.116628,,,,,
8,131.491271,43.116628,,,,,
8,131.491271,43.116628,,,,,
8,131.491271,43.116628,,,,,
8,131.491271,43.116628,,,,,
8,131.491271,43.116628,,,,,
8,131.491271,43.116628,,,,,
8,131.491271,43.116628,,,,,
8,131.491271,43.116628,,,,,
8,131.491271,43.116628,,,,,
8,131.491271,43.116628,,,,,
8,131.491271,43.116628,,,,,
8,131.491271,43.116628,,,,,
8,131.491271,43.116628,,,,,
8,131.491271,43.116628,,,,,
8,131.491271,43.116628,,,,,
8,131.491271,43.116628,,,,,
8,131.491271,43.116628,,,,,
8,131.491271,43.116628,,,,,
8,131.491271,43.116628,,,,,
8,131.491271,43.116628,,,,,
8,131.491271,43.116628,,,,,
8,131.491271,43.116628,,,,,
8,131.491271,43.116628,,,,,
8,131.491271,43.116628,,,,,
8,131.491271,43.116628,,,,,
8,131.491271,43.116628,,,,,
8,131.491271,43.116628,,,,,
8,131.491271,43.116628,,,,,
8,131.491271,43.116628,,,,,
8,131.491271,43.116628,,,,,
8,131.491271,43.116628,,,,,
8,131.491271,43.116628,,,,,
8,131.491271,43.116628,,,,,
8,131.491271,43.116628,,,,,
8,131.491271,43.116628,,,,,
8,131.491271,43.116628,,,,,
8,131.491271,43.116628,,,,,
8,131.491271,43.116628,,,,,
8,131.491271,43.116628,,,,,
8,131.491271,43.116628,,,,,
8,131.491271,43.116628,,,,,
8,131.491271,43.116628,,,,,
8,131.491271,43.116628,,,,,
8,131.491271,43.116628,,,,,
8,131.491271,43.116628,,,,,
8,131.491271,43.116628,,,,,
8,131.491271,43.116628,,,,,
8,131.491271,43.116628,,,,,
8,131.491271,43.116628,,,,,
8,131.491271,43.116628,,,,,
8,131.491271,43.116628,,,,,
8,131.491271,43.116628,,,,,
8,131.491271,43.116628,,,,,
8,131.491271,43.116628,,,,,
8,131.491271,43.116628,,,,,
8,131.491271,43.116628,,,,,
8,131.491271,43.116628,,,,,
8,131.491271,43.116628,,,,,
8,131.491271,43.116628,,,,,
8,131.491271,43.116628,,,,,
8,131.491271,43.116628,,,,,
8,131.491271,43.116628,,,,,
8,131.491271,43.116628,,,,,
8,131.491271,43.116628,,,,,
8,131.491271,43.116628,,,,,
8,131.491271,43.116628,,,,,
8,131.491271,43.116628,,,,,
8,131.491271,43.116628,,,,,
8,131.491271,43.116628,,,,,
8,131.491271,43.116628,,,,,
8,131.491271,43.116628,,,,,
8,131.491271,43.116628,,,,,
8,131.491271,43.116628,,,,,
8,131.491271,43.116628,,,,,
8,131.491271,43.116628,,,,,
8,131.491271,43.116628,,,,,
8,131.491271,43.116628,,,,,
8,131.491271,43.116628,,,,,
8,131.491271,43.116628,,,,,
8,131.491271,43.116628,,,,,
8,131.491271,43.116628,,,,,
8,131.491271,43.116628,,,,,
8,131.491271,43.116628,,,,,
8,131.491271,43.116628,,,,,
8,131.491271,43.116628,,,,,
8,131.491271,43.116628,,,,,
8,131.491271,43.116628,,,,,
8,131.491271,43.116628,,,,,
8,131.491271,43.116628,,,,,
8,131.491271,43.116628,,,,,
8,131.491271,43.116628,,,,,
8,131.491271,43.116628,,,,,
8,131.491271,43.116628,,,,,
8,131.491271,43.116628,,,,,
8,131.491271,43.116628,,,,,
8,131.491271,43.116628,,,,,
8,131.491271,43.116628,,,,,
8,131.491271,43.116628,,,,,
8,131.491271,43.116628,,,,,
8,131.491271,43.116628,,,,,
8,131.491271,43.116628,,,,,
8,131.491271,43.116628,,,,,
8,131.491271,43.116628,,,,,
8,131.491271,43.116628,,,,,
8,131.491271,43.116628,,,,,
8,131.491271,43.116628,,,,,
8,131.491271,43.116628,,,,,
8,131.491271,43.116628,,,,,
8,131.491271,43.116628,,,,,
8,131.491271,43.116628,,,,,
8,131.491271,43.116628,,,,,
8,131.491271,43.116628,,,,,
8,131.491271,43.116628,,,,,
8,131.491271,43.116628,,,,,
8,131.491271,43.116628,,,,,
8,131.491271,43.116628,,,,,
8,131.491271,43.116628,,,,,
8,131.491271,43.116628,,,,,
8,131.491271,43.116628,,,,,
8,131.491271,43.116628,,,,,
8,131.491271,43.116628,,,,,
8,131.491271,43.116628,,,,,
8,131.491271,43.116628,,,,,
8,131.491271,43.116628,,,,,
8,131.491271,43.116628,,,,,
8,131.491271,43.116628,,,,,
8,131.491271,43.116628,,,,,
8,131.491271,43.116628,,,,,
8,131.491271,43.116628,,,,,
8,131.491271,43.116628,,,,,
8,131.491271,43.116628,,,,,
8,131.491271,43.116628,,,,,
8,131.491271,43.116628,,,,,
8,131.491271,43.116628,,,,,
8,131.491271,43.116628,,,,,
8,131.491271,43.116628,,,,,
8,131.491271,43.116628,,,,,
8,131.491271,43.116628,,,,,
8,131.491271,43.116628,,,,,
8,131.491271,43.116628,,,,,
8,131.491271,43.116628,,,,,
8,131.491271,43.116628,,,,,
8,131.491271,43.116628,,,,,
8,131.491271,43.116628,,,,,
8,131.491271,43.116628,,,,,
8,131.491271,43.116628,,,,,
8,131.491271,43.116628,,,,,
8,131.491271,43.116628,,,,,
8,131.491271,43.116628,,,,,
8,131.491271,43.116628,,,,,
8,131.491271,43.116628,,,,,
8,131.491271,43.116628,,,,,
8,131.491271,43.116628,,,,,
8,131.491271,43.116628,,,,,
8,131.491271,43.116628,,,,,
8,131.491271,43.116628,,,,,
8,131.491271,43.116628,,,,,
8,131.491271,43.116628,,,,,
8,131.491271,43.116628,,,,,
8,131.491271,43.116628,,,,,
8,131.491271,43.116628,,,,,
8,131.491271,43.116628,,,,,
8,131.491271,43.116628,,,,,
8,131.491271,43.116628,,,,,
8,131.491271,43.116628,,,,,
8,131.491271,43.116628,,,,,
8,131.491271,43.116628,,,,,
8,131.491271,43.116628,,,,,
8,131.491271,43.116628,,,,,
8,131.491271,43.116628,,,,,
8,131.491271,43.116628,,,,,
8,131.491271,43.116628,,,,,
8,131.491271,43.116628,,,,,
8,131.491271,43.116628,,,,,
8,131.491271,43.116628,,,,,
8,131.491271,43.116628,,,,,
8,131.491271,43.116628,,,,,
8,131.491271,43.116628,,,,,
8,131.491271,43.116628,,,,,
8,131.491271,43.116628,,,,,
8,131.491271,43.116628,,,,,
8,131.491271,43.116628,,,,,
8,131.491271,43.116628,,,,,
8,131.491271,43.116628,,,,,
8,131.491271,43.116628,,,,,
8,131.491271,43.116628,,,,,
8,131.491271,43.116628,,,,,
8,131.491271,43.116628,,,,,
8,131.491271,43.116628,,,,,
8,131.491271,43.116628,,,,,
8,131.491271,43.116628,,,,,
8,131.491271,43.116628,,,,,
8,131.491271,43.116628,,,,,
8,131.491271,43.116628,,,,,
8,131.491271,43.116628,,,,,
8,131.491271,43.116628,,,,,
8,131.491271,43.116628,,,,,
8,131.491271,43.116628,,,,,
8,131.491271,43.116628,,,,,
8,131.491271,43.116628,,,,,
8,131.491271,43.116628,,,,,
8,131.491271,43.116628,,,,,
8,131.491271,43.116628,,,,,
8,131.491271,43.116628,,,,,
8,131.491271,43.116628,,,,,
8,131.491271,43.116628,,,,,
8,131.491271,43.116628,,,,,
8,131.491271,43.116628,,,,,
8,131.491271,43.116628,,,,,
8,131.491271,43.116628,,,,,
8,131.491271,43.116628,,,,,
8,131.491271,43.116628,,,,,
8,131.491271,43.116628,,,,,
8,131.491271,43.116628,,,,,
8,131.491271,43.116628,,,,,
8,131.491271,43.116628,,,,,
8,131.491271,43.116628,,,,,
8,131.491271,43.116628,,,,,
8,131.491271,43.116628,,,,,
8,131.491271,43.116628,,,,,
8,131.491271,43.116628,,,,,
8,131.491271,43.116628,,,,,
8,131.491271,43.116628,,,,,
8,131.491271,43.116628,,,,,
8,131.491271,43.116628,,,,,
8,131.491271,43.116628,,,,,
8,131.491271,43.116628,,,,,
8,131.491271,43.116628,,,,,
8,131.491271,43.116628,,,,,
8,131.491271,43.116628,,,,,
8,131.491271,43.116628,,,,,
8,131.491271,43.116628,,,,,
8,131.491271,43.116628,,,,,
8,131.491271,43.116628,,,,,
8,131.491271,43.116628,,,,,
8,131.491271,43.116628,,,,,
8,131.491271,43.116628,,,,,
8,131.491271,43.116628,,,,,
8,131.491271,43.116628,,,,,
8,131.491271,43.116628,,,,,
8,131.491271,43.116628,,,,,
8,131.491271,43.116628,,,,,
8,131.491271,43.116628,,,,,
8,131.491271,43.116628,,,,,
8,131.491271,43.116628,,,,,
8,131.491271,43.116628,,,,,
8,131.491271,43.116628,,,,,
8,131.491271,43.116628,,,,,
8,131.491271,43.116628,,,,,
8,131.491271,43.116628,,,,,
8,131.491271,43.116628,,,,,
8,131.491271,43.116628,,,,,
8,131.491271,43.116628,,,,,
8,131.491271,43.116628,,,,,
8,131.491271,43.116628,,,,,
8,131.491271,43.116628,,,,,
8,131.491271,43.116628,,,,,
8,131.491271,43.116628,,,,,
8,131.491271,43.116628,,,,,
8,131.491271,43.116628,,,,,
8,131.491271,43.116628,,,,,
8,131.491271,43.116628,,,,,
8,131.491271,43.116628,,,,,
8,131.491271,43.116628,,,,,
8,131.491271,43.116628,,,,,
8,131.491271,43.116628,,,,,
8,131.491271,43.116628,,,,,
8,131.491271,43.116628,,,,,
8,131.491271,43.116628,,,,,
8,131.491271,43.116628,,,,,
8,131.491271,43.116628,,,,,
8,131.491271,43.116628,,,,,
8,131.491271,43.116628,,,,,
8,131.491271,43.116628,,,,,
8,131.491271,43.116628,,,,,
8,131.491271,43.116628,,,,,
8,131.491271,43.116628,,,,,
8,131.491271,43.116628,,,,,
8,131.491271,43.116628,,,,,
8,131.491271,43.116628,,,,,
8,131.491271,43.116628,,,,,
8,131.491271,43.116628,,,,,
8,131.491271,43.116628,,,,,
8,131.491271,43.116628,,,,,
8,131.491271,43.116628,,,,,
8,131.491271,43.116628,,,,,
8,131.491271,43.116628,,,,,
8,131.491271,43.116628,,,,,
8,131.491271,43.116628,,,,,
8,131.491271,43.116628,,,,,
8,131.491271,43.116628,,,,,
8,131.491271,43.116628,,,,,
8,131.491271,43.116628,,,,,
8,131.491271,43.116628,,,,,
8,131.491271,43.116628,,,,,
8,131.491271,43.116628,,,,,
8,131.491271,43.116628,,,,,
8,131.491271,43.116628,,,,,
8,131.491271,43.116628,,,,,
8,131.491271,43.116628,,,,,
8,131.491271,43.116628,,,,,
8,131.491271,43.116628,,,,,
8,131.491271,43.116628,,,,,
8,131.491271,43.116628,,,,,
8,131.491271,43.116628,,,,,
8,131.491271,43.116628,,,,,
8,131.491271,43.116628,,,,,
8,131.491271,43.116628,,,,,
8,131.491271,43.116628,,,,,
8,131.491271,43.116628,,,,,
8,131.491271,43.116628,,,,,
8,131.491271,43.116628,,,,,
8,131.491271,43.116628,,,,,
8,131.491271,43.116628,,,,,
8,131.491271,43.116628,,,,,
8,131.491271,43.116628,,,,,
8,131.491271,43.116628,,,,,
8,131.491271,43.116628,,,,,
8,131.491271,43.116628,,,,,
8,131.491271,43.116628,,,,,
8,131.491271,43.116628,,,,,
8,131.491271,43.116628,,,,,
8,131.491271,43.116628,,,,,
8,131.491271,43.116628,,,,,
8,131.491271,43.116628,,,,,
8,131.491271,43.116628,,,,,
8,131.491271,43.116628,,,,,
8,131.491271,43.116628,,,,,
8,131.491271,43.116628,,,,,
8,131.491271,43.116628,,,,,
8,131.491271,43.116628,,,,,
8,131.491271,43.116628,,,,,
8,131.491271,43.116628,,,,,
8,131.491271,43.116628,,,,,
8,131.491271,43.116628,,,,,
8,131.491271,43.116628,,,,,
8,131.491271,43.116628,,,,,
8,131.491271,43.116628,,,,,
8,131.491271,43.116628,,,,,
8,131.491271,43.116628,,,,,
8,131.491271,43.116628,,,,,
8,131.491271,43.116628,,,,,
8,131.491271,43.116628,,,,,
8,131.491271,43.116628,,,,,
8,131.491271,43.116628,,,,,
8,131.491271,43.116628,,,,,
8,131.491271,43.116628,,,,,
8,131.491271,43.116628,,,,,
8,131.491271,43.116628,,,,,
8,131.491271,43.116628,,,,,
8,131.491271,43.116628,,,,,
8,131.491271,43.116628,,,,,
8,131.491271,43.116628,,,,,
8,131.491271,43.116628,,,,,
8,131.491271,43.116628,,,,,
8,131.491271,43.116628,,,,,
8,131.491271,43.116628,,,,,
8,131.491271,43.116628,,,,,
8,131.491271,43.116628,,,,,
8,131.491271,43.116628,,,,,
8,131.491271,43.116628,,,,,
8,131.491271,43.116628,,,,,
8,131.491271,43.116628,,,,,
8,131.491271,43.116628,,,,,
8,131.491271,43.116628,,,,,
8,131.491271,43.116628,,,,,
8,131.491271,43.116628,,,,,
8,131.491271,43.116628,,,,,
8,131.491271,43.116628,,,,,
8,131.491271,43.116628,,,,,
8,131.491271,43.116628,,,,,
8,131.491271,43.116628,,,,,
8,131.491271,43.116628,,,,,
8,131.491271,43.116628,,,,,
8,131.491271,43.116628,,,,,
8,131.491271,43.116628,,,,,
8,131.491271,43.116628,,,,,
8,131.491271,43.116628,,,,,
8,131.491271,43.116628,,,,,
8,131.491271,43.116628,,,,,
8,131.491271,43.116628,,,,,
8,131.491271,43.116628,,,,,
8,131.491271,43.116628,,,,,
8,131.491271,43.116628,,,,,
8,131.491271,43.116628,,,,,
8,131.491271,43.116628,,,,,
8,131.491271,43.116628,,,,,
8,131.491271,43.116628,,,,,
8,131.491271,43.116628,,,,,
8,131.491271,43.116628,,,,,
8,131.491271,43.116628,,,,,
8,131.491271,43.116628,,,,,
8,131.491271,43.116628,,,,,
8,131.491271,43.116628,,,,,
8,131.491271,43.116628,,,,,
8,131.491271,43.116628,,,,,
8,131.491271,43.116628,,,,,
8,131.491271,43.116628,,,,,
8,131.491271,43.116628,,,,,
8,131.491271,43.116628,,,,,
8,131.491271,43.116628,,,,,
8,131.491271,43.116628,,,,,
8,131.491271,43.116628,,,,,
8,131.491271,43.116628,,,,,
8,131.491271,43.116628,,,,,
8,131.491271,43.116628,,,,,
8,131.491271,43.116628,,,,,
8,131.491271,43.116628,,,,,
8,131.491271,43.116628,,,,,
8,131.491271,43.116628,,,,,
8,131.491271,43.116628,,,,,
8,131.491271,43.116628,,,,,
8,131.491271,43.116628,,,,,
8,131.491271,43.116628,,,,,
8,131.491271,43.116628,,,,,
8,131.491271,43.116628,,,,,
8,131.491271,43.116628,,,,,
8,131.491271,43.116628,,,,,
8,131.491271,43.116628,,,,,
8,131.491271,43.116628,,,,,
8,131.491271,43.116628,,,,,
8,131.491271,43.116628,,,,,
8,131.491271,43.116628,,,,,
8,131.491271,43.116628,,,,,
8,131.491271,43.116628,,,,,
8,131.491271,43.116628,,,,,
8,131.491271,43.116628,,,,,
8,131.491271,43.116628,,,,,
8,131.491271,43.116628,,,,,
8,131.491271,43.116628,,,,,
8,131.491271,43.116628,,,,,
8,131.491271,43.116628,,,,,
8,131.491271,43.116628,,,,,
8,131.491271,43.116628,,,,,
8,131.491271,43.116628,,,,,
8,131.491271,43.116628,,,,,
8,131.491271,43.116628,,,,,
8,131.491271,43.116628,,,,,
8,131.491271,43.116628,,,,,
8,131.491271,43.116628,,,,,
8,131.491271,43.116628,,,,,
8,131.491271,43.116628,,,,,
8,131.491271,43.116628,,,,,
8,131.491271,43.116628,,,,,
8,131.491271,43.116628,,,,,
8,131.491271,43.116628,,,,,
8,131.491271,43.116628,,,,,
8,131.491271,43.116628,,,,,
8,131.491271,43.116628,,,,,
8,131.491271,43.116628,,,,,
8,131.491271,43.116628,,,,,
8,131.491271,43.116628,,,,,
8,131.491271,43.116628,,,,,
8,131.491271,43.116628,,,,,
8,131.491271,43.116628,,,,,
8,131.491271,43.116628,,,,,
8,131.491271,43.116628,,,,,
8,131.491271,43.116628,,,,,
8,131.491271,43.116628,,,,,
8,131.491271,43.116628,,,,,
8,131.491271,43.116628,,,,,
8,131.491271,43.116628,,,,,
8,131.491271,43.116628,,,,,
8,131.491271,43.116628,,,,,
8,131.491271,43.116628,,,,,
8,131.491271,43.116628,,,,,
8,131.491271,43.116628,,,,,
8,131.491271,43.116628,,,,,
8,131.491271,43.116628,,,,,
8,131.491271,43.116628,,,,,
8,131.491271,43.116628,,,,,
8,131.491271,43.116628,,,,,
8,131.491271,43.116628,,,,,
8,131.491271,43.116628,,,,,
8,131.491271,43.116628,,,,,
8,131.491271,43.116628,,,,,
8,131.491271,43.116628,,,,,
8,131.491271,43.116628,,,,,
8,131.491271,43.116628,,,,,
8,131.491271,43.116628,,,,,
8,131.491271,43.116628,,,,,
8,131.491271,43.116628,,,,,
8,131.491271,43.116628,,,,,
8,131.491271,43.116628,,,,,
8,131.491271,43.116628,,,,,
8,131.491271,43.116628,,,,,
8,131.491271,43.116628,,,,,
8,131.491271,43.116628,,,,,
8,131.491271,43.116628,,,,,
8,131.491271,43.116628,,,,,
8,131.491271,43.116628,,,,,
8,131.491271,43.116628,,,,,
8,131.491271,43.116628,,,,,
8,131.491271,43.116628,,,,,
8,131.491271,43.116628,,,,,
8,131.491271,43.116628,,,,,
8,131.491271,43.116628,,,,,
8,131.491271,43.116628,,,,,
8,131.491271,43.116628,,,,,
8,131.491271,43.116628,,,,,
8,131.491271,43.116628,,,,,
8,131.491271,43.116628,,,,,
8,131.491271,43.116628,,,,,
8,131.491271,43.116628,,,,,
8,131.491271,43.116628,,,,,
8,131.491271,43.116628,,,,,
8,131.491271,43.116628,,,,,
8,131.491271,43.116628,,,,,
8,131.491271,43.116628,,,,,
8,131.491271,43.116628,,,,,
8,131.491271,43.116628,,,,,
8,131.491271,43.116628,,,,,
8,131.491271,43.116628,,,,,
8,131.491271,43.116628,,,,,
8,131.491271,43.116628,,,,,
8,131.491271,43.116628,,,,,
8,131.491271,43.116628,,,,,
8,131.491271,43.116628,,,,,
8,131.491271,43.116628,,,,,
8,131.491271,43.116628,,,,,
8,131.491271,43.116628,,,,,
8,131.491271,43.116628,,,,,
8,131.491271,43.116628,,,,,
8,131.491271,43.116628,,,,,
8,131.491271,43.116628,,,,,
8,131.491271,43.116628,,,,,
8,131.491271,43.116628,,,,,
9,136.53362,45.49952,,,,,
9,136.53362,45.49952,,,,,
9,136.53362,45.49952,,,,,
9,136.53362,45.49952,,,,,
9,136.53362,45.49952,,,,,
9,136.53362,45.49952,,,,,
9,136.53362,45.49952,,,,,
9,136.53362,45.49952,,,,,
9,136.53362,45.49952,,,,,
9,136.53362,45.49952,,,,,
9,136.53362,45.49952,,,,,
9,136.53362,45.49952,,,,,
9,136.53362,45.49952,,,,,
9,136.53362,45.49952,,,,,
9,136.53362,45.49952,,,,,
9,136.53362,45.49952,,,,,
9,136.53362,45.49952,,,,,
9,136.53362,45.49952,,,,,
9,136.53362,45.49952,,,,,
9,136.53362,45.49952,,,,,
9,136.53362,45.49952,,,,,
9,136.53362,45.49952,,,,,
9,136.53362,45.49952,,,,,
9,136.53362,45.49952,,,,,
9,136.53362,45.49952,,,,,
9,136.53362,45.49952,,,,,
9,136.53362,45.49952,,,,,
9,136.53362,45.49952,,,,,
9,136.53362,45.49952,,,,,
9,136.53362,45.49952,,,,,
9,136.53362,45.49952,,,,,
9,136.53362,45.49952,,,,,
9,136.53362,45.49952,,,,,
9,136.53362,45.49952,,,,,
9,136.53362,45.49952,,,,,
9,136.53362,45.49952,,,,,
9,136.53362,45.49952,,,,,
9,136.53362,45.49952,,,,,
9,136.53362,45.49952,,,,,
9,136.53362,45.49952,,,,,
9,136.53362,45.49952,,,,,
9,136.53362,45.49952,,,,,
9,136.53362,45.49952,,,,,
9,136.53362,45.49952,,,,,
9,136.53362,45.49952,,,,,
9,136.53362,45.49952,,,,,
9,136.53362,45.49952,,,,,
9,136.53362,45.49952,,,,,
9,136.53362,45.49952,,,,,
9,136.53362,45.49952,,,,,
9,136.53362,45.49952,,,,,
9,136.53362,45.49952,,,,,
9,136.53362,45.49952,,,,,
9,136.53362,45.49952,,,,,
9,136.53362,45.49952,,,,,
9,136.53362,45.49952,,,,,
9,136.53362,45.49952,,,,,
9,136.53362,45.49952,,,,,
9,136.53362,45.49952,,,,,
9,136.53362,45.49952,,,,,
9,136.53362,45.49952,,,,,
9,136.53362,45.49952,,,,,
9,136.53362,45.49952,,,,,
9,136.53362,45.49952,,,,,
9,136.53362,45.49952,,,,,
9,136.53362,45.49952,,,,,
9,136.53362,45.49952,,,,,
9,136.53362,45.49952,,,,,
9,136.53362,45.49952,,,,,
9,136.53362,45.49952,,,,,
9,136.53362,45.49952,,,,,
9,136.53362,45.49952,,,,,
9,136.53362,45.49952,,,,,
9,136.53362,45.49952,,,,,
9,136.53362,45.49952,,,,,
9,136.53362,45.49952,,,,,
9,136.53362,45.49952,,,,,
9,136.53362,45.49952,,,,,
9,136.53362,45.49952,,,,,
9,136.53362,45.49952,,,,,
9,136.53362,45.49952,,,,,
9,136.53362,45.49952,,,,,
9,136.53362,45.49952,,,,,
9,136.53362,45.49952,,,,,
9,136.53362,45.49952,,,,,
9,136.53362,45.49952,,,,,
9,136.53362,45.49952,,,,,
9,136.53362,45.49952,,,,,
9,136.53362,45.49952,,,,,
9,136.53362,45.49952,,,,,
9,136.53362,45.49952,,,,,
9,136.53362,45.49952,,,,,
9,136.53362,45.49952,,,,,
9,136.53362,45.49952,,,,,
9,136.53362,45.49952,,,,,
9,136.53362,45.49952,,,,,
9,136.53362,45.49952,,,,,
9,136.53362,45.49952,,,,,
9,136.53362,45.49952,,,,,
9,136.53362,45.49952,,,,,
9,136.53362,45.49952,,,,,
9,136.53362,45.49952,,,,,
9,136.53362,45.49952,,,,,
9,136.53362,45.49952,,,,,
9,136.53362,45.49952,,,,,
9,136.53362,45.49952,,,,,
9,136.53362,45.49952,,,,,
9,136.53362,45.49952,,,,,
9,136.53362,45.49952,,,,,
9,136.53362,45.49952,,,,,
9,136.53362,45.49952,,,,,
9,136.53362,45.49952,,,,,
9,136.53362,45.49952,,,,,
9,136.53362,45.49952,,,,,
9,136.53362,45.49952,,,,,
9,136.53362,45.49952,,,,,
9,136.53362,45.49952,,,,,
9,136.53362,45.49952,,,,,
9,136.53362,45.49952,,,,,
9,136.53362,45.49952,,,,,
9,136.53362,45.49952,,,,,
9,136.53362,45.49952,,,,,
9,136.53362,45.49952,,,,,
9,136.53362,45.49952,,,,,
9,136.53362,45.49952,,,,,
9,136.53362,45.49952,,,,,
9,136.53362,45.49952,,,,,
9,136.53362,45.49952,,,,,
9,136.53362,45.49952,,,,,
9,136.53362,45.49952,,,,,
9,136.53362,45.49952,,,,,
9,136.53362,45.49952,,,,,
9,136.53362,45.49952,,,,,
10,135.86090,45.10984,,,,,
10,135.86090,45.10984,,,,,
10,135.86090,45.10984,,,,,
10,135.86090,45.10984,,,,,
10,135.86090,45.10984,,,,,
10,135.86090,45.10984,,,,,
10,135.86090,45.10984,,,,,
10,135.86090,45.10984,,,,,
10,135.86090,45.10984,,,,,
10,135.86090,45.10984,,,,,
10,135.86090,45.10984,,,,,
10,135.86090,45.10984,,,,,
10,135.86090,45.10984,,,,,
10,135.86090,45.10984,,,,,
10,135.86090,45.10984,,,,,
10,135.86090,45.10984,,,,,
10,135.86090,45.10984,,,,,
10,135.86090,45.10984,,,,,
10,135.86090,45.10984,,,,,
10,135.86090,45.10984,,,,,
10,135.86090,45.10984,,,,,
10,135.86090,45.10984,,,,,
10,135.86090,45.10984,,,,,
10,135.86090,45.10984,,,,,
10,135.86090,45.10984,,,,,
10,135.86090,45.10984,,,,,
10,135.86090,45.10984,,,,,
10,135.86090,45.10984,,,,,
10,135.86090,45.10984,,,,,
10,135.86090,45.10984,,,,,
10,135.86090,45.10984,,,,,
10,135.86090,45.10984,,,,,
10,135.86090,45.10984,,,,,
10,135.86090,45.10984,,,,,
10,135.86090,45.10984,,,,,
10,135.86090,45.10984,,,,,
10,135.86090,45.10984,,,,,
10,135.86090,45.10984,,,,,
10,135.86090,45.10984,,,,,
10,135.86090,45.10984,,,,,
10,135.86090,45.10984,,,,,
10,135.86090,45.10984,,,,,
10,135.86090,45.10984,,,,,
10,135.86090,45.10984,,,,,
10,135.86090,45.10984,,,,,
10,135.86090,45.10984,,,,,
10,135.86090,45.10984,,,,,
10,135.86090,45.10984,,,,,
10,135.86090,45.10984,,,,,
10,135.86090,45.10984,,,,,
10,135.86090,45.10984,,,,,
10,135.86090,45.10984,,,,,
10,135.86090,45.10984,,,,,
10,135.86090,45.10984,,,,,
10,135.86090,45.10984,,,,,
10,135.86090,45.10984,,,,,
10,135.86090,45.10984,,,,,
10,135.86090,45.10984,,,,,
10,135.86090,45.10984,,,,,
10,135.86090,45.10984,,,,,
10,135.86090,45.10984,,,,,
10,135.86090,45.10984,,,,,
10,135.86090,45.10984,,,,,
10,135.86090,45.10984,,,,,
10,135.86090,45.10984,,,,,
10,135.86090,45.10984,,,,,
10,135.86090,45.10984,,,,,
10,135.86090,45.10984,,,,,
10,135.86090,45.10984,,,,,
10,135.86090,45.10984,,,,,
10,135.86090,45.10984,,,,,
10,135.86090,45.10984,,,,,
10,135.86090,45.10984,,,,,
10,135.86090,45.10984,,,,,
10,135.86090,45.10984,,,,,
10,135.86090,45.10984,,,,,
10,135.86090,45.10984,,,,,
10,135.86090,45.10984,,,,,
10,135.86090,45.10984,,,,,
10,135.86090,45.10984,,,,,
10,135.86090,45.10984,,,,,
10,135.86090,45.10984,,,,,
10,135.86090,45.10984,,,,,
10,135.86090,45.10984,,,,,
10,135.86090,45.10984,,,,,
10,135.86090,45.10984,,,,,
10,135.86090,45.10984,,,,,
10,135.86090,45.10984,,,,,
10,135.86090,45.10984,,,,,
10,135.86090,45.10984,,,,,
10,135.86090,45.10984,,,,,
10,135.86090,45.10984,,,,,
10,135.86090,45.10984,,,,,
10,135.86090,45.10984,,,,,
10,135.86090,45.10984,,,,,
10,135.86090,45.10984,,,,,
10,135.86090,45.10984,,,,,
10,135.86090,45.10984,,,,,
10,135.86090,45.10984,,,,,
10,135.86090,45.10984,,,,,
10,135.86090,45.10984,,,,,
10,135.86090,45.10984,,,,,
10,135.86090,45.10984,,,,,
10,135.86090,45.10984,,,,,
10,135.86090,45.10984,,,,,
10,135.86090,45.10984,,,,,
10,135.86090,45.10984,,,,,
10,135.86090,45.10984,,,,,
10,135.86090,45.10984,,,,,
10,135.86090,45.10984,,,,,
10,135.86090,45.10984,,,,,
10,135.86090,45.10984,,,,,
10,135.86090,45.10984,,,,,
10,135.86090,45.10984,,,,,
10,135.86090,45.10984,,,,,
10,135.86090,45.10984,,,,,
10,135.86090,45.10984,,,,,
10,135.86090,45.10984,,,,,
10,135.86090,45.10984,,,,,
10,135.86090,45.10984,,,,,
10,135.86090,45.10984,,,,,
10,135.86090,45.10984,,,,,
10,135.86090,45.10984,,,,,
10,135.86090,45.10984,,,,,
10,135.86090,45.10984,,,,,
10,135.86090,45.10984,,,,,
10,135.86090,45.10984,,,,,
10,135.86090,45.10984,,,,,
10,135.86090,45.10984,,,,,
10,135.86090,45.10984,,,,,
10,135.86090,45.10984,,,,,
10,135.86090,45.10984,,,,,
10,135.86090,45.10984,,,,,
10,135.86090,45.10984,,,,,
10,135.86090,45.10984,,,,,
10,135.86090,45.10984,,,,,
10,135.86090,45.10984,,,,,
10,135.86090,45.10984,,,,,
10,135.86090,45.10984,,,,,
10,135.86090,45.10984,,,,,
10,135.86090,45.10984,,,,,
10,135.86090,45.10984,,,,,
10,135.86090,45.10984,,,,,
10,135.86090,45.10984,,,,,
10,135.86090,45.10984,,,,,
10,135.86090,45.10984,,,,,
10,135.86090,45.10984,,,,,
10,135.86090,45.10984,,,,,
10,135.86090,45.10984,,,,,
10,135.86090,45.10984,,,,,
10,135.86090,45.10984,,,,,
10,135.86090,45.10984,,,,,
10,135.86090,45.10984,,,,,
10,135.86090,45.10984,,,,,
10,135.86090,45.10984,,,,,
10,135.86090,45.10984,,,,,
10,135.86090,45.10984,,,,,
10,135.86090,45.10984,,,,,
10,135.86090,45.10984,,,,,
10,135.86090,45.10984,,,,,
10,135.86090,45.10984,,,,,
10,135.86090,45.10984,,,,,
10,135.86090,45.10984,,,,,
10,135.86090,45.10984,,,,,
10,135.86090,45.10984,,,,,
10,135.86090,45.10984,,,,,
10,135.86090,45.10984,,,,,
10,135.86090,45.10984,,,,,
10,135.86090,45.10984,,,,,
10,135.86090,45.10984,,,,,
10,135.86090,45.10984,,,,,
10,135.86090,45.10984,,,,,
10,135.86090,45.10984,,,,,
10,135.86090,45.10984,,,,,
10,135.86090,45.10984,,,,,
10,135.86090,45.10984,,,,,
10,135.86090,45.10984,,,,,
10,135.86090,45.10984,,,,,
10,135.86090,45.10984,,,,,
10,135.86090,45.10984,,,,,
10,135.86090,45.10984,,,,,
10,135.86090,45.10984,,,,,
10,135.86090,45.10984,,,,,
10,135.86090,45.10984,,,,,
10,135.86090,45.10984,,,,,
10,135.86090,45.10984,,,,,
10,135.86090,45.10984,,,,,
10,135.86090,45.10984,,,,,
10,135.86090,45.10984,,,,,
10,135.86090,45.10984,,,,,
10,135.86090,45.10984,,,,,
10,135.86090,45.10984,,,,,
10,135.86090,45.10984,,,,,
10,135.86090,45.10984,,,,,
10,135.86090,45.10984,,,,,
10,135.86090,45.10984,,,,,
10,135.86090,45.10984,,,,,
10,135.86090,45.10984,,,,,
10,135.86090,45.10984,,,,,
10,135.86090,45.10984,,,,,
10,135.86090,45.10984,,,,,
10,135.86090,45.10984,,,,,
10,135.86090,45.10984,,,,,
10,135.86090,45.10984,,,,,
10,135.86090,45.10984,,,,,
10,135.86090,45.10984,,,,,
10,135.86090,45.10984,,,,,
10,135.86090,45.10984,,,,,
10,135.86090,45.10984,,,,,
10,135.86090,45.10984,,,,,
10,135.86090,45.10984,,,,,
10,135.86090,45.10984,,,,,
10,135.86090,45.10984,,,,,
10,135.86090,45.10984,,,,,
10,135.86090,45.10984,,,,,
10,135.86090,45.10984,,,,,
10,135.86090,45.10984,,,,,
10,135.86090,45.10984,,,,,
10,135.86090,45.10984,,,,,
10,135.86090,45.10984,,,,,
10,135.86090,45.10984,,,,,
10,135.86090,45.10984,,,,,
10,135.86090,45.10984,,,,,
10,135.86090,45.10984,,,,,
10,135.86090,45.10984,,,,,
10,135.86090,45.10984,,,,,
10,135.86090,45.10984,,,,,
10,135.86090,45.10984,,,,,
10,135.86090,45.10984,,,,,
10,135.86090,45.10984,,,,,
10,135.86090,45.10984,,,,,
10,135.86090,45.10984,,,,,
10,135.86090,45.10984,,,,,
10,135.86090,45.10984,,,,,
10,135.86090,45.10984,,,,,
10,135.86090,45.10984,,,,,
10,135.86090,45.10984,,,,,
10,135.86090,45.10984,,,,,
10,135.86090,45.10984,,,,,
10,135.86090,45.10984,,,,,
10,135.86090,45.10984,,,,,
10,135.86090,45.10984,,,,,
10,135.86090,45.10984,,,,,
10,135.86090,45.10984,,,,,
10,135.86090,45.10984,,,,,
10,135.86090,45.10984,,,,,
10,135.86090,45.10984,,,,,
10,135.86090,45.10984,,,,,
10,135.86090,45.10984,,,,,
10,135.86090,45.10984,,,,,
10,135.86090,45.10984,,,,,
10,135.86090,45.10984,,,,,
10,135.86090,45.10984,,,,,
10,135.86090,45.10984,,,,,
10,135.86090,45.10984,,,,,
10,135.86090,45.10984,,,,,
10,135.86090,45.10984,,,,,
10,135.86090,45.10984,,,,,
10,135.86090,45.10984,,,,,
10,135.86090,45.10984,,,,,
11,135.86470,45.11029,,,,,
11,135.86470,45.11029,,,,,
11,135.86470,45.11029,,,,,
11,135.86470,45.11029,,,,,
11,135.86470,45.11029,,,,,
11,135.86470,45.11029,,,,,
11,135.86470,45.11029,,,,,
11,135.86470,45.11029,,,,,
11,135.86470,45.11029,,,,,
11,135.86470,45.11029,,,,,
11,135.86470,45.11029,,,,,
11,135.86470,45.11029,,,,,
11,135.86470,45.11029,,,,,
11,135.86470,45.11029,,,,,
11,135.86470,45.11029,,,,,
11,135.86470,45.11029,,,,,
11,135.86470,45.11029,,,,,
11,135.86470,45.11029,,,,,
11,135.86470,45.11029,,,,,
11,135.86470,45.11029,,,,,
11,135.86470,45.11029,,,,,
11,135.86470,45.11029,,,,,
11,135.86470,45.11029,,,,,
11,135.86470,45.11029,,,,,
11,135.86470,45.11029,,,,,
11,135.86470,45.11029,,,,,
11,135.86470,45.11029,,,,,
11,135.86470,45.11029,,,,,
11,135.86470,45.11029,,,,,
11,135.86470,45.11029,,,,,
11,135.86470,45.11029,,,,,
11,135.86470,45.11029,,,,,
11,135.86470,45.11029,,,,,
11,135.86470,45.11029,,,,,
11,135.86470,45.11029,,,,,
11,135.86470,45.11029,,,,,
11,135.86470,45.11029,,,,,
11,135.86470,45.11029,,,,,
11,135.86470,45.11029,,,,,
11,135.86470,45.11029,,,,,
11,135.86470,45.11029,,,,,
11,135.86470,45.11029,,,,,
11,135.86470,45.11029,,,,,
11,135.86470,45.11029,,,,,
11,135.86470,45.11029,,,,,
11,135.86470,45.11029,,,,,
11,135.86470,45.11029,,,,,
11,135.86470,45.11029,,,,,
11,135.86470,45.11029,,,,,
11,135.86470,45.11029,,,,,
11,135.86470,45.11029,,,,,
11,135.86470,45.11029,,,,,
11,135.86470,45.11029,,,,,
11,135.86470,45.11029,,,,,
11,135.86470,45.11029,,,,,
11,135.86470,45.11029,,,,,
11,135.86470,45.11029,,,,,
11,135.86470,45.11029,,,,,
11,135.86470,45.11029,,,,,
11,135.86470,45.11029,,,,,
11,135.86470,45.11029,,,,,
11,135.86470,45.11029,,,,,
11,135.86470,45.11029,,,,,
11,135.86470,45.11029,,,,,
11,135.86470,45.11029,,,,,
11,135.86470,45.11029,,,,,
11,135.86470,45.11029,,,,,
11,135.86470,45.11029,,,,,
11,135.86470,45.11029,,,,,
11,135.86470,45.11029,,,,,
11,135.86470,45.11029,,,,,
11,135.86470,45.11029,,,,,
11,135.86470,45.11029,,,,,
11,135.86470,45.11029,,,,,
11,135.86470,45.11029,,,,,
11,135.86470,45.11029,,,,,
11,135.86470,45.11029,,,,,
11,135.86470,45.11029,,,,,
11,135.86470,45.11029,,,,,
11,135.86470,45.11029,,,,,
11,135.86470,45.11029,,,,,
11,135.86470,45.11029,,,,,
11,135.86470,45.11029,,,,,
11,135.86470,45.11029,,,,,
11,135.86470,45.11029,,,,,
11,135.86470,45.11029,,,,,
11,135.86470,45.11029,,,,,
11,135.86470,45.11029,,,,,
11,135.86470,45.11029,,,,,
11,135.86470,45.11029,,,,,
11,135.86470,45.11029,,,,,
11,135.86470,45.11029,,,,,
11,135.86470,45.11029,,,,,
11,135.86470,45.11029,,,,,
11,135.86470,45.11029,,,,,
11,135.86470,45.11029,,,,,
11,135.86470,45.11029,,,,,
11,135.86470,45.11029,,,,,
11,135.86470,45.11029,,,,,
11,135.86470,45.11029,,,,,
11,135.86470,45.11029,,,,,
11,135.86470,45.11029,,,,,
11,135.86470,45.11029,,,,,
11,135.86470,45.11029,,,,,
11,135.86470,45.11029,,,,,
11,135.86470,45.11029,,,,,
11,135.86470,45.11029,,,,,
11,135.86470,45.11029,,,,,
11,135.86470,45.11029,,,,,
11,135.86470,45.11029,,,,,
11,135.86470,45.11029,,,,,
11,135.86470,45.11029,,,,,
11,135.86470,45.11029,,,,,
11,135.86470,45.11029,,,,,
11,135.86470,45.11029,,,,,
11,135.86470,45.11029,,,,,
11,135.86470,45.11029,,,,,
11,135.86470,45.11029,,,,,
11,135.86470,45.11029,,,,,
11,135.86470,45.11029,,,,,
11,135.86470,45.11029,,,,,
11,135.86470,45.11029,,,,,
11,135.86470,45.11029,,,,,
11,135.86470,45.11029,,,,,
11,135.86470,45.11029,,,,,
11,135.86470,45.11029,,,,,
11,135.86470,45.11029,,,,,
11,135.86470,45.11029,,,,,
11,135.86470,45.11029,,,,,
11,135.86470,45.11029,,,,,
11,135.86470,45.11029,,,,,
11,135.86470,45.11029,,,,,
11,135.86470,45.11029,,,,,
11,135.86470,45.11029,,,,,
11,135.86470,45.11029,,,,,
11,135.86470,45.11029,,,,,
11,135.86470,45.11029,,,,,
11,135.86470,45.11029,,,,,
11,135.86470,45.11029,,,,,
11,135.86470,45.11029,,,,,
11,135.86470,45.11029,,,,,
11,135.86470,45.11029,,,,,
11,135.86470,45.11029,,,,,
11,135.86470,45.11029,,,,,
11,135.86470,45.11029,,,,,
11,135.86470,45.11029,,,,,
11,135.86470,45.11029,,,,,
11,135.86470,45.11029,,,,,
11,135.86470,45.11029,,,,,
11,135.86470,45.11029,,,,,
11,135.86470,45.11029,,,,,
11,135.86470,45.11029,,,,,
11,135.86470,45.11029,,,,,
11,135.86470,45.11029,,,,,
11,135.86470,45.11029,,,,,
11,135.86470,45.11029,,,,,
11,135.86470,45.11029,,,,,
11,135.86470,45.11029,,,,,
11,135.86470,45.11029,,,,,
11,135.86470,45.11029,,,,,
11,135.86470,45.11029,,,,,
11,135.86470,45.11029,,,,,
11,135.86470,45.11029,,,,,
11,135.86470,45.11029,,,,,
11,135.86470,45.11029,,,,,
11,135.86470,45.11029,,,,,
11,135.86470,45.11029,,,,,
11,135.86470,45.11029,,,,,
11,135.86470,45.11029,,,,,
11,135.86470,45.11029,,,,,
11,135.86470,45.11029,,,,,
11,135.86470,45.11029,,,,,
11,135.86470,45.11029,,,,,
11,135.86470,45.11029,,,,,
11,135.86470,45.11029,,,,,
11,135.86470,45.11029,,,,,
11,135.86470,45.11029,,,,,
11,135.86470,45.11029,,,,,
11,135.86470,45.11029,,,,,
11,135.86470,45.11029,,,,,
11,135.86470,45.11029,,,,,
11,135.86470,45.11029,,,,,
11,135.86470,45.11029,,,,,
11,135.86470,45.11029,,,,,
11,135.86470,45.11029,,,,,
11,135.86470,45.11029,,,,,
11,135.86470,45.11029,,,,,
11,135.86470,45.11029,,,,,
11,135.86470,45.11029,,,,,
11,135.86470,45.11029,,,,,
11,135.86470,45.11029,,,,,
11,135.86470,45.11029,,,,,
